Proyecto_ID,Tamano_Equipo,Metodologia,Presupuesto,Experiencia_Lider,Exito_Proyecto
1,Grande,Hibrida,Medio,Media,No
2,Pequeño,Hibrida,Bajo,Media,Si
3,Grande,Hibrida,Bajo,Alta,No
4,Grande,Hibrida,Alto,Alta,Si
5,Pequeño,Agil,Bajo,Alta,Si
6,Pequeño,Hibrida,Alto,Media,Si
7,Grande,Cascada,Alto,Media,No
8,Mediano,Cascada,Medio,Media,Si
9,Grande,Hibrida,Medio,Alta,Si
10,Grande,Hibrida,Medio,Media,Si
11,Grande,Cascada,Alto,Baja,No
12,Grande,Cascada,Medio,Baja,No
13,Pequeño,Agil,Bajo,Media,Si
14,Grande,Cascada,Bajo,Baja,No
15,Mediano,Cascada,Alto,Baja,No
16,Pequeño,Hibrida,Alto,Alta,Si
17,Mediano,Cascada,Medio,Media,Si
18,Mediano,Agil,Alto,Media,No
19,Mediano,Cascada,Alto,Alta,Si
20,Mediano,Hibrida,Bajo,Baja,Si
21,Pequeño,Hibrida,Bajo,Baja,Si
22,Pequeño,Cascada,Medio,Media,Si
23,Mediano,Hibrida,Alto,Baja,Si
24,Mediano,Agil,Alto,Alta,Si
25,Pequeño,Agil,Bajo,Alta,Si
26,Pequeño,Cascada,Alto,Media,Si
27,Pequeño,Cascada,Bajo,Alta,No
28,Grande,Cascada,Medio,Alta,Si
29,Grande,Hibrida,Bajo,Media,Si
30,Grande,Agil,Alto,Alta,Si
31,Mediano,Agil,Medio,Alta,Si
32,Grande,Hibrida,Bajo,Alta,Si
33,Mediano,Agil,Bajo,Baja,No
34,Mediano,Cascada,Medio,Media,No
35,Grande,Cascada,Medio,Media,Si
36,Mediano,Cascada,Bajo,Media,No
37,Grande,Agil,Alto,Baja,No
38,Grande,Cascada,Bajo,Baja,No
39,Pequeño,Hibrida,Medio,Media,Si
40,Grande,Hibrida,Bajo,Baja,No
41,Pequeño,Agil,Medio,Media,No
42,Grande,Hibrida,Medio,Baja,No
43,Grande,Hibrida,Alto,Alta,No
44,Pequeño,Agil,Medio,Alta,Si
45,Pequeño,Cascada,Medio,Media,No
46,Grande,Cascada,Alto,Baja,No
47,Mediano,Cascada,Medio,Baja,Si
48,Pequeño,Agil,Alto,Alta,Si
49,Mediano,Hibrida,Alto,Alta,No
50,Mediano,Cascada,Medio,Baja,No
51,Mediano,Cascada,Medio,Baja,No
52,Pequeño,Agil,Bajo,Baja,No
53,Mediano,Cascada,Alto,Baja,Si
54,Pequeño,Agil,Bajo,Baja,Si
55,Mediano,Hibrida,Medio,Baja,No
56,Grande,Agil,Bajo,Media,No
57,Grande,Agil,Alto,Baja,No
58,Pequeño,Agil,Bajo,Alta,Si
59,Grande,Agil,Alto,Media,Si
60,Grande,Hibrida,Medio,Baja,No
61,Mediano,Hibrida,Medio,Alta,Si
62,Pequeño,Cascada,Alto,Media,Si
63,Mediano,Hibrida,Medio,Alta,Si
64,Mediano,Hibrida,Medio,Baja,Si
65,Mediano,Cascada,Medio,Baja,No
66,Mediano,Hibrida,Medio,Baja,No
67,Mediano,Agil,Alto,Baja,Si
68,Mediano,Agil,Bajo,Media,Si
69,Mediano,Cascada,Bajo,Media,No
70,Pequeño,Cascada,Medio,Alta,Si
71,Grande,Cascada,Bajo,Baja,No
72,Mediano,Agil,Bajo,Alta,Si
73,Mediano,Hibrida,Medio,Media,Si
74,Mediano,Agil,Medio,Baja,No
75,Mediano,Cascada,Bajo,Baja,No
76,Mediano,Hibrida,Alto,Media,No
77,Mediano,Hibrida,Medio,Media,No
78,Grande,Agil,Alto,Media,Si
79,Grande,Cascada,Bajo,Media,No
80,Mediano,Agil,Medio,Media,No
81,Grande,Hibrida,Alto,Baja,No
82,Pequeño,Agil,Medio,Media,No
83,Mediano,Agil,Bajo,Baja,No
84,Pequeño,Cascada,Alto,Baja,Si
85,Pequeño,Cascada,Bajo,Media,No
86,Mediano,Hibrida,Bajo,Media,Si
87,Grande,Agil,Medio,Baja,No
88,Pequeño,Agil,Alto,Media,Si
89,Mediano,Agil,Bajo,Media,Si
90,Pequeño,Hibrida,Bajo,Media,Si
91,Pequeño,Hibrida,Alto,Alta,Si
92,Pequeño,Cascada,Bajo,Baja,No
93,Pequeño,Cascada,Bajo,Alta,No
94,Grande,Cascada,Alto,Media,Si
95,Pequeño,Agil,Alto,Alta,Si
96,Pequeño,Agil,Alto,Media,Si
97,Pequeño,Cascada,Alto,Alta,Si
98,Grande,Agil,Medio,Media,Si
99,Pequeño,Cascada,Alto,Alta,Si
100,Pequeño,Hibrida,Medio,Alta,Si
101,Grande,Cascada,Medio,Alta,Si
102,Grande,Hibrida,Medio,Baja,No
103,Grande,Agil,Bajo,Alta,Si
104,Pequeño,Cascada,Medio,Baja,No
105,Grande,Agil,Medio,Media,Si
106,Grande,Hibrida,Bajo,Alta,Si
107,Pequeño,Hibrida,Bajo,Media,No
108,Grande,Hibrida,Bajo,Media,No
109,Pequeño,Agil,Alto,Alta,Si
110,Mediano,Agil,Bajo,Baja,No
111,Grande,Agil,Bajo,Alta,Si
112,Mediano,Agil,Medio,Media,No
113,Pequeño,Hibrida,Bajo,Media,No
114,Grande,Hibrida,Alto,Alta,No
115,Pequeño,Cascada,Bajo,Baja,No
116,Mediano,Cascada,Alto,Baja,Si
117,Pequeño,Agil,Bajo,Media,Si
118,Grande,Hibrida,Bajo,Media,Si
119,Grande,Hibrida,Bajo,Baja,No
120,Mediano,Hibrida,Bajo,Alta,Si
121,Pequeño,Cascada,Alto,Media,Si
122,Grande,Cascada,Alto,Baja,No
123,Mediano,Hibrida,Medio,Media,Si
124,Grande,Hibrida,Alto,Alta,No
125,Grande,Hibrida,Bajo,Baja,No
126,Pequeño,Cascada,Medio,Media,No
127,Grande,Hibrida,Medio,Alta,No
128,Pequeño,Hibrida,Medio,Media,Si
129,Grande,Agil,Bajo,Alta,Si
130,Mediano,Agil,Alto,Alta,Si
131,Grande,Cascada,Bajo,Baja,No
132,Pequeño,Hibrida,Medio,Alta,No
133,Pequeño,Hibrida,Bajo,Media,No
134,Mediano,Agil,Bajo,Alta,Si
135,Grande,Cascada,Alto,Alta,Si
136,Grande,Agil,Alto,Baja,No
137,Mediano,Agil,Medio,Alta,Si
138,Grande,Agil,Bajo,Alta,Si
139,Grande,Agil,Bajo,Media,No
140,Pequeño,Hibrida,Alto,Baja,Si
141,Grande,Hibrida,Bajo,Baja,No
142,Grande,Agil,Bajo,Baja,No
143,Mediano,Cascada,Bajo,Alta,No
144,Mediano,Cascada,Alto,Baja,Si
145,Pequeño,Cascada,Medio,Alta,Si
146,Grande,Cascada,Medio,Alta,No
147,Grande,Agil,Bajo,Media,Si
148,Grande,Hibrida,Medio,Media,Si
149,Pequeño,Cascada,Alto,Media,Si
150,Pequeño,Agil,Alto,Media,Si
151,Mediano,Cascada,Medio,Media,No
152,Pequeño,Cascada,Medio,Alta,No
153,Grande,Agil,Bajo,Alta,Si
154,Grande,Hibrida,Medio,Baja,No
155,Pequeño,Hibrida,Bajo,Alta,Si
156,Grande,Agil,Bajo,Alta,Si
157,Grande,Hibrida,Alto,Media,Si
158,Pequeño,Agil,Alto,Alta,Si
159,Pequeño,Agil,Alto,Media,Si
160,Grande,Agil,Alto,Baja,No
161,Grande,Hibrida,Medio,Baja,No
162,Grande,Agil,Alto,Alta,Si
163,Mediano,Cascada,Medio,Baja,Si
164,Mediano,Hibrida,Alto,Alta,No
165,Mediano,Hibrida,Medio,Baja,Si
166,Pequeño,Hibrida,Bajo,Media,Si
167,Mediano,Hibrida,Medio,Media,No
168,Pequeño,Cascada,Medio,Media,No
169,Pequeño,Hibrida,Alto,Media,Si
170,Mediano,Hibrida,Medio,Alta,Si
171,Mediano,Agil,Bajo,Baja,No
172,Mediano,Hibrida,Bajo,Alta,No
173,Grande,Cascada,Alto,Media,Si
174,Mediano,Cascada,Bajo,Alta,No
175,Grande,Cascada,Medio,Baja,No
176,Pequeño,Cascada,Bajo,Alta,No
177,Grande,Hibrida,Alto,Baja,No
178,Mediano,Hibrida,Medio,Alta,Si
179,Pequeño,Cascada,Alto,Baja,Si
180,Pequeño,Cascada,Medio,Baja,No
181,Pequeño,Hibrida,Bajo,Media,Si
182,Grande,Cascada,Alto,Baja,No
183,Mediano,Agil,Alto,Media,No
184,Pequeño,Cascada,Medio,Media,Si
185,Pequeño,Cascada,Alto,Media,Si
186,Pequeño,Agil,Medio,Alta,Si
187,Grande,Agil,Medio,Alta,Si
188,Grande,Hibrida,Medio,Alta,Si
189,Mediano,Hibrida,Medio,Alta,Si
190,Grande,Agil,Bajo,Baja,No
191,Pequeño,Agil,Medio,Baja,Si
192,Mediano,Hibrida,Alto,Alta,Si
193,Pequeño,Cascada,Bajo,Baja,No
194,Pequeño,Agil,Alto,Baja,Si
195,Grande,Hibrida,Bajo,Media,Si
196,Mediano,Cascada,Medio,Media,No
197,Grande,Agil,Bajo,Media,No
198,Grande,Cascada,Bajo,Media,No
199,Mediano,Hibrida,Alto,Baja,No
200,Pequeño,Agil,Alto,Alta,Si
201,Pequeño,Cascada,Medio,Baja,No
202,Mediano,Agil,Bajo,Baja,Si
203,Pequeño,Cascada,Bajo,Baja,No
204,Mediano,Hibrida,Bajo,Media,No
205,Mediano,Hibrida,Medio,Media,Si
206,Grande,Agil,Medio,Media,No
207,Mediano,Cascada,Medio,Alta,No
208,Grande,Agil,Medio,Baja,No
209,Pequeño,Agil,Medio,Alta,Si
210,Pequeño,Cascada,Alto,Media,Si
211,Pequeño,Cascada,Bajo,Alta,No
212,Pequeño,Cascada,Bajo,Baja,No
213,Grande,Hibrida,Bajo,Baja,No
214,Pequeño,Agil,Bajo,Media,No
215,Mediano,Agil,Bajo,Media,No
216,Mediano,Hibrida,Bajo,Alta,No
217,Mediano,Cascada,Bajo,Media,No
218,Grande,Hibrida,Bajo,Media,Si
219,Pequeño,Hibrida,Alto,Baja,Si
220,Pequeño,Hibrida,Bajo,Media,Si
221,Pequeño,Agil,Alto,Media,Si
222,Grande,Hibrida,Medio,Baja,No
223,Mediano,Agil,Bajo,Baja,No
224,Mediano,Agil,Medio,Alta,Si
225,Pequeño,Agil,Medio,Media,Si
226,Mediano,Cascada,Medio,Baja,No
227,Mediano,Agil,Alto,Alta,Si
228,Grande,Agil,Medio,Alta,Si
229,Grande,Cascada,Medio,Media,No
230,Grande,Agil,Medio,Media,Si
231,Grande,Hibrida,Bajo,Alta,No
232,Pequeño,Hibrida,Bajo,Baja,No
233,Grande,Agil,Alto,Alta,Si
234,Mediano,Cascada,Alto,Media,No
235,Pequeño,Hibrida,Bajo,Baja,No
236,Mediano,Cascada,Alto,Baja,No
237,Mediano,Cascada,Bajo,Alta,No
238,Mediano,Hibrida,Medio,Media,No
239,Grande,Cascada,Medio,Alta,No
240,Grande,Hibrida,Alto,Alta,Si
241,Pequeño,Cascada,Bajo,Alta,No
242,Pequeño,Hibrida,Bajo,Baja,Si
243,Grande,Agil,Alto,Baja,No
244,Mediano,Hibrida,Bajo,Media,No
245,Pequeño,Hibrida,Medio,Media,Si
246,Grande,Hibrida,Alto,Alta,No
247,Grande,Hibrida,Alto,Alta,No
248,Grande,Cascada,Bajo,Alta,No
249,Mediano,Agil,Alto,Media,Si
250,Grande,Hibrida,Bajo,Baja,No
251,Grande,Cascada,Bajo,Baja,No
252,Grande,Agil,Bajo,Alta,Si
253,Grande,Agil,Bajo,Alta,Si
254,Pequeño,Agil,Bajo,Alta,Si
255,Pequeño,Agil,Alto,Alta,Si
256,Grande,Hibrida,Medio,Media,No
257,Mediano,Hibrida,Medio,Baja,No
258,Pequeño,Cascada,Alto,Alta,Si
259,Grande,Cascada,Alto,Media,Si
260,Pequeño,Cascada,Medio,Alta,Si
261,Pequeño,Agil,Medio,Alta,Si
262,Mediano,Agil,Medio,Baja,Si
263,Grande,Hibrida,Medio,Alta,Si
264,Grande,Agil,Medio,Baja,No
265,Mediano,Agil,Bajo,Baja,No
266,Mediano,Agil,Alto,Baja,Si
267,Grande,Cascada,Bajo,Media,No
268,Grande,Cascada,Medio,Media,No
269,Mediano,Hibrida,Medio,Baja,Si
270,Pequeño,Agil,Medio,Alta,Si
271,Pequeño,Agil,Bajo,Baja,Si
272,Mediano,Hibrida,Bajo,Alta,No
273,Pequeño,Agil,Medio,Baja,No
274,Mediano,Agil,Bajo,Alta,Si
275,Pequeño,Cascada,Bajo,Media,No
276,Pequeño,Hibrida,Medio,Alta,Si
277,Grande,Hibrida,Bajo,Baja,No
278,Grande,Hibrida,Alto,Media,Si
279,Pequeño,Hibrida,Alto,Alta,Si
280,Pequeño,Cascada,Alto,Alta,Si
281,Grande,Cascada,Alto,Alta,Si
282,Grande,Agil,Medio,Alta,Si
283,Grande,Agil,Medio,Alta,Si
284,Mediano,Agil,Medio,Media,Si
285,Pequeño,Agil,Alto,Media,Si
286,Grande,Cascada,Alto,Media,No
287,Pequeño,Hibrida,Bajo,Media,Si
288,Mediano,Cascada,Bajo,Baja,No
289,Mediano,Agil,Alto,Media,Si
290,Grande,Cascada,Alto,Alta,Si
291,Mediano,Hibrida,Alto,Alta,No
292,Pequeño,Hibrida,Alto,Media,Si
293,Grande,Cascada,Bajo,Alta,No
294,Pequeño,Cascada,Alto,Media,Si
295,Pequeño,Cascada,Bajo,Alta,No
296,Mediano,Agil,Alto,Baja,No
297,Mediano,Cascada,Alto,Baja,Si
298,Mediano,Cascada,Alto,Media,No
299,Mediano,Cascada,Bajo,Media,No
300,Mediano,Hibrida,Bajo,Media,Si
301,Grande,Hibrida,Medio,Alta,Si
302,Pequeño,Agil,Alto,Media,Si
303,Pequeño,Agil,Medio,Baja,No
304,Pequeño,Hibrida,Medio,Alta,No
305,Pequeño,Hibrida,Bajo,Media,No
306,Mediano,Hibrida,Bajo,Alta,No
307,Pequeño,Cascada,Medio,Alta,Si
308,Grande,Cascada,Alto,Media,No
309,Grande,Hibrida,Bajo,Alta,Si
310,Pequeño,Cascada,Alto,Baja,Si
311,Pequeño,Cascada,Alto,Baja,Si
312,Grande,Agil,Medio,Alta,Si
313,Grande,Hibrida,Medio,Media,No
314,Mediano,Hibrida,Medio,Alta,Si
315,Grande,Cascada,Medio,Baja,No
316,Mediano,Hibrida,Bajo,Alta,No
317,Mediano,Agil,Bajo,Alta,Si
318,Mediano,Agil,Medio,Baja,Si
319,Mediano,Agil,Bajo,Alta,Si
320,Mediano,Hibrida,Medio,Alta,Si
321,Pequeño,Hibrida,Alto,Media,Si
322,Grande,Hibrida,Alto,Media,No
323,Mediano,Hibrida,Alto,Baja,Si
324,Grande,Hibrida,Medio,Baja,No
325,Grande,Agil,Alto,Baja,No
326,Mediano,Cascada,Bajo,Media,No
327,Pequeño,Agil,Alto,Baja,Si
328,Mediano,Hibrida,Alto,Baja,No
329,Pequeño,Agil,Alto,Baja,Si
330,Grande,Hibrida,Bajo,Media,Si
331,Pequeño,Hibrida,Medio,Alta,Si
332,Pequeño,Agil,Bajo,Baja,Si
333,Pequeño,Hibrida,Medio,Alta,Si
334,Grande,Cascada,Medio,Baja,No
335,Grande,Hibrida,Alto,Alta,No
336,Pequeño,Cascada,Medio,Media,Si
337,Pequeño,Cascada,Bajo,Media,No
338,Mediano,Hibrida,Bajo,Baja,No
339,Pequeño,Agil,Medio,Alta,Si
340,Mediano,Cascada,Alto,Media,No
341,Pequeño,Agil,Alto,Baja,Si
342,Mediano,Cascada,Bajo,Baja,No
343,Grande,Hibrida,Alto,Media,Si
344,Pequeño,Hibrida,Medio,Media,No
345,Pequeño,Cascada,Medio,Baja,No
346,Pequeño,Hibrida,Bajo,Alta,No
347,Pequeño,Cascada,Medio,Alta,Si
348,Mediano,Hibrida,Bajo,Alta,Si
349,Pequeño,Agil,Medio,Baja,No
350,Grande,Hibrida,Bajo,Media,No
351,Grande,Agil,Alto,Baja,No
352,Pequeño,Hibrida,Medio,Media,No
353,Grande,Agil,Medio,Alta,Si
354,Pequeño,Hibrida,Bajo,Alta,Si
355,Pequeño,Agil,Bajo,Media,No
356,Grande,Cascada,Medio,Media,Si
357,Pequeño,Cascada,Bajo,Baja,No
358,Grande,Agil,Medio,Alta,Si
359,Mediano,Hibrida,Alto,Baja,Si
360,Pequeño,Agil,Bajo,Baja,Si
361,Mediano,Hibrida,Medio,Baja,No
362,Grande,Cascada,Alto,Alta,Si
363,Mediano,Hibrida,Alto,Baja,Si
364,Mediano,Cascada,Medio,Baja,No
365,Grande,Hibrida,Bajo,Baja,No
366,Mediano,Hibrida,Medio,Baja,Si
367,Mediano,Hibrida,Alto,Baja,Si
368,Grande,Agil,Medio,Baja,No
369,Mediano,Agil,Bajo,Alta,Si
370,Grande,Cascada,Alto,Baja,No
371,Mediano,Cascada,Medio,Media,Si
372,Grande,Agil,Bajo,Baja,No
373,Grande,Cascada,Alto,Baja,No
374,Mediano,Agil,Bajo,Alta,Si
375,Mediano,Hibrida,Alto,Alta,No
376,Mediano,Cascada,Medio,Media,No
377,Pequeño,Cascada,Bajo,Media,No
378,Pequeño,Agil,Alto,Alta,Si
379,Pequeño,Cascada,Bajo,Alta,No
380,Grande,Cascada,Bajo,Baja,No
381,Mediano,Hibrida,Medio,Alta,Si
382,Grande,Cascada,Bajo,Media,No
383,Pequeño,Hibrida,Alto,Baja,Si
384,Mediano,Agil,Alto,Media,No
385,Grande,Cascada,Alto,Baja,No
386,Mediano,Hibrida,Alto,Alta,No
387,Grande,Agil,Medio,Media,Si
388,Mediano,Cascada,Bajo,Baja,No
389,Pequeño,Agil,Medio,Baja,No
390,Pequeño,Cascada,Bajo,Alta,No
391,Mediano,Agil,Bajo,Alta,Si
392,Grande,Agil,Bajo,Alta,Si
393,Pequeño,Hibrida,Medio,Media,No
394,Pequeño,Agil,Bajo,Baja,No
395,Pequeño,Cascada,Medio,Alta,Si
396,Mediano,Cascada,Alto,Media,No
397,Mediano,Hibrida,Alto,Media,No
398,Grande,Cascada,Bajo,Media,No
399,Grande,Cascada,Medio,Alta,Si
400,Grande,Cascada,Alto,Alta,Si
401,Mediano,Agil,Medio,Baja,Si
402,Mediano,Agil,Medio,Baja,Si
403,Grande,Cascada,Bajo,Alta,No
404,Grande,Hibrida,Alto,Media,No
405,Mediano,Agil,Bajo,Media,Si
406,Grande,Hibrida,Bajo,Media,Si
407,Pequeño,Cascada,Alto,Baja,Si
408,Mediano,Cascada,Alto,Media,No
409,Grande,Agil,Medio,Baja,No
410,Mediano,Cascada,Alto,Baja,Si
411,Pequeño,Agil,Medio,Media,No
412,Mediano,Cascada,Medio,Media,Si
413,Mediano,Cascada,Medio,Alta,Si
414,Mediano,Agil,Alto,Alta,Si
415,Mediano,Agil,Bajo,Media,Si
416,Pequeño,Agil,Medio,Baja,Si
417,Mediano,Cascada,Bajo,Baja,No
418,Mediano,Cascada,Bajo,Baja,No
419,Grande,Hibrida,Alto,Baja,No
420,Mediano,Agil,Bajo,Baja,Si
421,Grande,Cascada,Bajo,Alta,No
422,Pequeño,Cascada,Alto,Media,Si
423,Pequeño,Agil,Medio,Alta,Si
424,Pequeño,Hibrida,Bajo,Baja,No
425,Pequeño,Agil,Alto,Baja,Si
426,Grande,Hibrida,Bajo,Baja,No
427,Mediano,Cascada,Bajo,Baja,No
428,Pequeño,Hibrida,Medio,Media,No
429,Mediano,Cascada,Bajo,Baja,No
430,Grande,Agil,Alto,Media,Si
431,Grande,Agil,Bajo,Baja,No
432,Grande,Agil,Medio,Media,No
433,Pequeño,Hibrida,Medio,Alta,No
434,Mediano,Cascada,Alto,Baja,No
435,Mediano,Agil,Medio,Media,Si
436,Mediano,Agil,Bajo,Alta,Si
437,Grande,Cascada,Medio,Baja,No
438,Pequeño,Agil,Alto,Baja,Si
439,Grande,Cascada,Medio,Baja,No
440,Grande,Cascada,Medio,Media,Si
441,Mediano,Cascada,Medio,Media,Si
442,Grande,Cascada,Alto,Alta,No
443,Mediano,Cascada,Medio,Media,No
444,Pequeño,Hibrida,Medio,Media,Si
445,Mediano,Agil,Bajo,Baja,Si
446,Pequeño,Hibrida,Alto,Baja,Si
447,Mediano,Agil,Medio,Baja,No
448,Grande,Hibrida,Alto,Baja,No
449,Grande,Cascada,Medio,Baja,No
450,Pequeño,Agil,Medio,Baja,No
451,Pequeño,Agil,Medio,Baja,No
452,Pequeño,Hibrida,Bajo,Alta,No
453,Mediano,Hibrida,Bajo,Alta,Si
454,Mediano,Agil,Bajo,Alta,Si
455,Pequeño,Hibrida,Alto,Alta,Si
456,Grande,Hibrida,Alto,Baja,No
457,Mediano,Hibrida,Bajo,Alta,No
458,Mediano,Cascada,Alto,Baja,No
459,Mediano,Cascada,Medio,Alta,Si
460,Pequeño,Hibrida,Medio,Media,No
461,Pequeño,Hibrida,Medio,Alta,No
462,Pequeño,Cascada,Bajo,Alta,No
463,Pequeño,Cascada,Alto,Baja,Si
464,Pequeño,Agil,Bajo,Alta,Si
465,Grande,Agil,Alto,Media,Si
466,Grande,Cascada,Medio,Baja,No
467,Pequeño,Hibrida,Bajo,Baja,No
468,Mediano,Hibrida,Alto,Alta,No
469,Pequeño,Hibrida,Alto,Baja,Si
470,Grande,Hibrida,Medio,Baja,No
471,Grande,Agil,Bajo,Baja,No
472,Mediano,Cascada,Bajo,Baja,No
473,Grande,Hibrida,Bajo,Baja,No
474,Pequeño,Agil,Medio,Baja,No
475,Mediano,Hibrida,Bajo,Media,Si
476,Pequeño,Cascada,Medio,Alta,Si
477,Pequeño,Agil,Medio,Media,No
478,Mediano,Cascada,Medio,Baja,Si
479,Pequeño,Cascada,Alto,Baja,Si
480,Grande,Agil,Bajo,Alta,Si
481,Pequeño,Agil,Bajo,Media,No
482,Mediano,Agil,Medio,Alta,Si
483,Mediano,Agil,Medio,Media,No
484,Mediano,Agil,Bajo,Baja,Si
485,Pequeño,Agil,Medio,Alta,Si
486,Mediano,Agil,Bajo,Alta,Si
487,Mediano,Hibrida,Alto,Baja,No
488,Pequeño,Cascada,Medio,Alta,No
489,Grande,Agil,Bajo,Media,Si
490,Pequeño,Hibrida,Medio,Media,No
491,Mediano,Hibrida,Bajo,Media,No
492,Mediano,Hibrida,Bajo,Media,No
493,Pequeño,Cascada,Medio,Baja,No
494,Grande,Agil,Alto,Alta,Si
495,Mediano,Hibrida,Bajo,Media,Si
496,Mediano,Cascada,Bajo,Baja,No
497,Mediano,Cascada,Bajo,Alta,No
498,Pequeño,Cascada,Alto,Alta,Si
499,Mediano,Hibrida,Alto,Baja,No
500,Grande,Agil,Medio,Baja,No
501,Mediano,Hibrida,Alto,Media,No
502,Mediano,Hibrida,Medio,Alta,No
503,Grande,Agil,Medio,Alta,Si
504,Mediano,Agil,Alto,Baja,No
505,Pequeño,Agil,Medio,Alta,Si
506,Pequeño,Cascada,Alto,Media,Si
507,Pequeño,Agil,Medio,Alta,Si
508,Grande,Hibrida,Alto,Baja,No
509,Mediano,Agil,Alto,Baja,Si
510,Pequeño,Hibrida,Medio,Media,No
511,Grande,Cascada,Bajo,Media,No
512,Mediano,Hibrida,Medio,Alta,Si
513,Grande,Hibrida,Alto,Alta,Si
514,Pequeño,Agil,Bajo,Baja,Si
515,Pequeño,Agil,Medio,Media,No
516,Pequeño,Hibrida,Medio,Media,No
517,Grande,Agil,Medio,Media,No
518,Grande,Cascada,Bajo,Alta,No
519,Pequeño,Cascada,Alto,Media,Si
520,Grande,Agil,Medio,Baja,No
521,Pequeño,Cascada,Medio,Baja,No
522,Pequeño,Agil,Medio,Alta,Si
523,Mediano,Hibrida,Medio,Alta,No
524,Grande,Hibrida,Medio,Media,No
525,Pequeño,Cascada,Alto,Alta,Si
526,Pequeño,Agil,Alto,Baja,Si
527,Grande,Agil,Medio,Media,Si
528,Mediano,Cascada,Bajo,Baja,No
529,Mediano,Hibrida,Alto,Media,Si
530,Pequeño,Cascada,Bajo,Alta,No
531,Grande,Hibrida,Alto,Media,Si
532,Mediano,Agil,Medio,Media,No
533,Grande,Hibrida,Alto,Baja,No
534,Grande,Cascada,Medio,Baja,No
535,Pequeño,Agil,Alto,Media,Si
536,Mediano,Cascada,Medio,Alta,No
537,Pequeño,Cascada,Medio,Alta,Si
538,Mediano,Hibrida,Medio,Baja,Si
539,Mediano,Cascada,Medio,Alta,No
540,Mediano,Hibrida,Bajo,Baja,Si
541,Mediano,Agil,Medio,Alta,Si
542,Mediano,Hibrida,Bajo,Media,No
543,Grande,Agil,Bajo,Baja,No
544,Pequeño,Hibrida,Medio,Baja,No
545,Grande,Cascada,Bajo,Media,No
546,Mediano,Hibrida,Alto,Baja,Si
547,Pequeño,Hibrida,Medio,Alta,Si
548,Mediano,Agil,Bajo,Alta,Si
549,Pequeño,Cascada,Medio,Baja,No
550,Grande,Hibrida,Medio,Alta,No
551,Pequeño,Cascada,Medio,Baja,No
552,Pequeño,Hibrida,Bajo,Media,No
553,Pequeño,Hibrida,Alto,Baja,Si
554,Pequeño,Cascada,Alto,Media,Si
555,Pequeño,Hibrida,Bajo,Alta,Si
556,Mediano,Cascada,Medio,Media,No
557,Pequeño,Hibrida,Bajo,Alta,No
558,Pequeño,Agil,Bajo,Baja,No
559,Grande,Cascada,Bajo,Alta,No
560,Pequeño,Hibrida,Medio,Baja,Si
561,Grande,Hibrida,Bajo,Baja,No
562,Mediano,Agil,Medio,Media,No
563,Pequeño,Cascada,Bajo,Media,No
564,Grande,Hibrida,Alto,Media,No
565,Grande,Agil,Bajo,Media,Si
566,Mediano,Hibrida,Bajo,Alta,Si
567,Pequeño,Cascada,Alto,Alta,Si
568,Pequeño,Hibrida,Medio,Alta,No
569,Grande,Hibrida,Medio,Baja,No
570,Pequeño,Hibrida,Bajo,Alta,Si
571,Grande,Hibrida,Alto,Alta,Si
572,Pequeño,Agil,Medio,Alta,Si
573,Grande,Agil,Bajo,Media,Si
574,Pequeño,Cascada,Alto,Alta,Si
575,Mediano,Agil,Medio,Baja,No
576,Pequeño,Agil,Medio,Media,No
577,Pequeño,Cascada,Alto,Baja,Si
578,Mediano,Agil,Alto,Alta,Si
579,Pequeño,Agil,Alto,Media,Si
580,Mediano,Cascada,Alto,Baja,No
581,Pequeño,Cascada,Bajo,Alta,No
582,Grande,Cascada,Alto,Baja,No
583,Grande,Hibrida,Medio,Baja,No
584,Pequeño,Hibrida,Medio,Baja,Si
585,Pequeño,Cascada,Bajo,Alta,No
586,Pequeño,Cascada,Medio,Alta,No
587,Grande,Cascada,Medio,Baja,No
588,Pequeño,Hibrida,Alto,Media,Si
589,Grande,Hibrida,Medio,Media,No
590,Mediano,Agil,Bajo,Alta,Si
591,Grande,Agil,Alto,Alta,Si
592,Grande,Cascada,Alto,Alta,No
593,Mediano,Hibrida,Bajo,Alta,No
594,Grande,Hibrida,Alto,Alta,Si
595,Pequeño,Hibrida,Alto,Media,Si
596,Pequeño,Cascada,Bajo,Alta,No
597,Grande,Agil,Alto,Baja,No
598,Pequeño,Cascada,Bajo,Baja,No
599,Grande,Agil,Bajo,Media,No
600,Pequeño,Agil,Medio,Baja,Si
601,Pequeño,Cascada,Medio,Media,No
602,Grande,Agil,Alto,Media,Si
603,Pequeño,Agil,Alto,Baja,Si
604,Grande,Hibrida,Bajo,Alta,Si
605,Pequeño,Agil,Alto,Baja,Si
606,Pequeño,Cascada,Bajo,Baja,No
607,Mediano,Cascada,Bajo,Media,No
608,Mediano,Agil,Alto,Baja,Si
609,Grande,Hibrida,Bajo,Media,No
610,Mediano,Hibrida,Medio,Alta,Si
611,Grande,Agil,Alto,Alta,Si
612,Mediano,Agil,Medio,Alta,Si
613,Pequeño,Cascada,Alto,Baja,Si
614,Grande,Agil,Bajo,Media,No
615,Grande,Hibrida,Alto,Alta,Si
616,Pequeño,Agil,Medio,Media,Si
617,Grande,Cascada,Bajo,Media,No
618,Grande,Cascada,Alto,Alta,No
619,Mediano,Cascada,Alto,Alta,Si
620,Grande,Cascada,Alto,Media,Si
621,Pequeño,Cascada,Medio,Alta,No
622,Mediano,Agil,Medio,Media,Si
623,Mediano,Agil,Alto,Media,Si
624,Pequeño,Agil,Bajo,Alta,Si
625,Pequeño,Agil,Bajo,Baja,Si
626,Mediano,Cascada,Medio,Alta,No
627,Grande,Hibrida,Bajo,Baja,No
628,Mediano,Agil,Medio,Media,No
629,Pequeño,Hibrida,Alto,Media,Si
630,Mediano,Agil,Medio,Baja,No
631,Pequeño,Agil,Medio,Media,No
632,Mediano,Hibrida,Alto,Baja,Si
633,Grande,Cascada,Bajo,Baja,No
634,Mediano,Agil,Medio,Media,Si
635,Mediano,Agil,Medio,Baja,No
636,Pequeño,Agil,Alto,Alta,Si
637,Pequeño,Hibrida,Bajo,Alta,Si
638,Pequeño,Cascada,Medio,Media,Si
639,Mediano,Hibrida,Alto,Media,Si
640,Grande,Hibrida,Medio,Baja,No
641,Pequeño,Cascada,Alto,Baja,Si
642,Pequeño,Hibrida,Bajo,Baja,Si
643,Mediano,Cascada,Bajo,Baja,No
644,Pequeño,Agil,Bajo,Alta,Si
645,Grande,Cascada,Bajo,Alta,No
646,Grande,Agil,Medio,Media,No
647,Pequeño,Hibrida,Medio,Baja,Si
648,Pequeño,Hibrida,Bajo,Baja,No
649,Mediano,Agil,Bajo,Media,Si
650,Grande,Hibrida,Bajo,Baja,No
651,Grande,Cascada,Medio,Baja,No
652,Pequeño,Agil,Bajo,Baja,No
653,Mediano,Hibrida,Bajo,Baja,Si
654,Grande,Agil,Bajo,Baja,No
655,Grande,Cascada,Alto,Media,Si
656,Mediano,Cascada,Bajo,Baja,No
657,Mediano,Hibrida,Alto,Media,No
658,Grande,Cascada,Alto,Baja,No
659,Grande,Agil,Bajo,Alta,Si
660,Mediano,Cascada,Alto,Alta,No
661,Grande,Agil,Bajo,Alta,Si
662,Pequeño,Agil,Medio,Alta,Si
663,Pequeño,Cascada,Medio,Media,Si
664,Mediano,Hibrida,Medio,Media,Si
665,Mediano,Cascada,Medio,Baja,Si
666,Mediano,Agil,Alto,Alta,Si
667,Pequeño,Agil,Bajo,Media,Si
668,Grande,Cascada,Bajo,Baja,No
669,Pequeño,Hibrida,Bajo,Baja,Si
670,Grande,Hibrida,Medio,Media,Si
671,Pequeño,Agil,Medio,Alta,Si
672,Grande,Agil,Bajo,Baja,No
673,Pequeño,Hibrida,Medio,Alta,Si
674,Mediano,Cascada,Bajo,Alta,No
675,Pequeño,Agil,Bajo,Alta,Si
676,Grande,Agil,Bajo,Baja,No
677,Pequeño,Hibrida,Bajo,Alta,Si
678,Pequeño,Cascada,Bajo,Baja,No
679,Pequeño,Hibrida,Bajo,Alta,No
680,Mediano,Cascada,Bajo,Baja,No
681,Pequeño,Cascada,Medio,Alta,No
682,Mediano,Cascada,Bajo,Media,No
683,Mediano,Agil,Bajo,Alta,Si
684,Pequeño,Hibrida,Medio,Alta,No
685,Pequeño,Hibrida,Medio,Baja,Si
686,Pequeño,Cascada,Medio,Baja,Si
687,Grande,Agil,Bajo,Alta,Si
688,Pequeño,Agil,Alto,Media,Si
689,Mediano,Hibrida,Alto,Media,No
690,Pequeño,Agil,Medio,Baja,Si
691,Grande,Agil,Alto,Media,Si
692,Pequeño,Cascada,Medio,Alta,No
693,Grande,Agil,Bajo,Baja,No
694,Grande,Cascada,Alto,Alta,No
695,Pequeño,Hibrida,Bajo,Baja,No
696,Mediano,Agil,Alto,Baja,Si
697,Grande,Hibrida,Bajo,Baja,No
698,Pequeño,Hibrida,Alto,Baja,Si
699,Pequeño,Agil,Bajo,Media,Si
700,Mediano,Agil,Bajo,Alta,Si
701,Grande,Hibrida,Alto,Alta,No
702,Grande,Agil,Bajo,Alta,Si
703,Pequeño,Cascada,Bajo,Baja,No
704,Pequeño,Cascada,Bajo,Media,No
705,Mediano,Agil,Alto,Alta,Si
706,Mediano,Hibrida,Alto,Media,Si
707,Grande,Agil,Bajo,Baja,No
708,Grande,Agil,Bajo,Alta,Si
709,Pequeño,Hibrida,Alto,Media,Si
710,Grande,Hibrida,Alto,Baja,No
711,Mediano,Cascada,Bajo,Media,No
712,Mediano,Hibrida,Bajo,Alta,No
713,Pequeño,Cascada,Bajo,Alta,No
714,Mediano,Hibrida,Medio,Baja,No
715,Mediano,Agil,Alto,Baja,No
716,Mediano,Cascada,Medio,Baja,Si
717,Mediano,Cascada,Alto,Media,Si
718,Pequeño,Cascada,Alto,Media,Si
719,Pequeño,Agil,Alto,Media,Si
720,Grande,Agil,Alto,Baja,No
721,Mediano,Agil,Alto,Alta,Si
722,Grande,Agil,Alto,Alta,Si
723,Pequeño,Agil,Alto,Media,Si
724,Pequeño,Cascada,Medio,Media,No
725,Pequeño,Agil,Bajo,Alta,Si
726,Pequeño,Cascada,Bajo,Alta,No
727,Pequeño,Agil,Medio,Media,No
728,Pequeño,Hibrida,Medio,Media,No
729,Pequeño,Cascada,Medio,Alta,Si
730,Mediano,Hibrida,Medio,Baja,Si
731,Grande,Cascada,Alto,Media,No
732,Pequeño,Hibrida,Bajo,Alta,No
733,Mediano,Agil,Alto,Alta,Si
734,Mediano,Agil,Bajo,Alta,Si
735,Grande,Agil,Bajo,Alta,Si
736,Pequeño,Cascada,Medio,Baja,No
737,Grande,Hibrida,Alto,Alta,Si
738,Pequeño,Agil,Medio,Media,No
739,Mediano,Hibrida,Alto,Baja,No
740,Mediano,Hibrida,Bajo,Alta,No
741,Mediano,Agil,Medio,Baja,Si
742,Mediano,Agil,Medio,Media,Si
743,Grande,Hibrida,Bajo,Alta,No
744,Pequeño,Agil,Bajo,Media,Si
745,Pequeño,Agil,Bajo,Alta,Si
746,Grande,Agil,Medio,Alta,Si
747,Pequeño,Cascada,Alto,Alta,Si
748,Mediano,Hibrida,Medio,Alta,Si
749,Pequeño,Hibrida,Alto,Alta,Si
750,Mediano,Cascada,Medio,Baja,No
751,Grande,Hibrida,Medio,Alta,Si
752,Pequeño,Agil,Bajo,Alta,Si
753,Grande,Hibrida,Alto,Baja,No
754,Pequeño,Agil,Medio,Baja,No
755,Mediano,Cascada,Medio,Baja,Si
756,Grande,Agil,Bajo,Baja,No
757,Pequeño,Hibrida,Bajo,Baja,No
758,Mediano,Hibrida,Alto,Baja,No
759,Grande,Hibrida,Medio,Alta,Si
760,Grande,Cascada,Alto,Alta,Si
761,Pequeño,Cascada,Medio,Media,Si
762,Pequeño,Hibrida,Alto,Alta,Si
763,Pequeño,Agil,Bajo,Alta,Si
764,Mediano,Cascada,Medio,Baja,Si
765,Pequeño,Hibrida,Alto,Baja,Si
766,Grande,Hibrida,Bajo,Alta,No
767,Grande,Cascada,Bajo,Media,No
768,Pequeño,Cascada,Alto,Baja,Si
769,Pequeño,Cascada,Medio,Alta,No
770,Grande,Agil,Medio,Alta,Si
771,Mediano,Agil,Bajo,Media,Si
772,Pequeño,Hibrida,Medio,Media,Si
773,Pequeño,Cascada,Medio,Baja,Si
774,Grande,Agil,Medio,Media,No
775,Pequeño,Cascada,Bajo,Alta,No
776,Mediano,Hibrida,Alto,Alta,Si
777,Grande,Agil,Medio,Media,No
778,Pequeño,Agil,Bajo,Media,No
779,Grande,Agil,Bajo,Media,No
780,Pequeño,Hibrida,Alto,Media,Si
781,Pequeño,Cascada,Medio,Baja,Si
782,Pequeño,Agil,Medio,Media,No
783,Mediano,Hibrida,Alto,Baja,Si
784,Mediano,Cascada,Alto,Alta,Si
785,Grande,Hibrida,Bajo,Media,No
786,Pequeño,Cascada,Bajo,Baja,No
787,Pequeño,Hibrida,Alto,Media,Si
788,Mediano,Cascada,Medio,Alta,No
789,Pequeño,Agil,Bajo,Alta,Si
790,Mediano,Cascada,Bajo,Alta,No
791,Pequeño,Hibrida,Medio,Media,Si
792,Grande,Hibrida,Bajo,Media,Si
793,Pequeño,Cascada,Medio,Baja,Si
794,Pequeño,Agil,Medio,Alta,Si
795,Mediano,Agil,Medio,Media,Si
796,Pequeño,Cascada,Alto,Alta,Si
797,Pequeño,Cascada,Alto,Alta,Si
798,Mediano,Hibrida,Alto,Baja,Si
799,Grande,Agil,Medio,Baja,No
800,Grande,Cascada,Medio,Baja,No
801,Mediano,Agil,Alto,Baja,Si
802,Mediano,Cascada,Bajo,Alta,No
803,Mediano,Cascada,Medio,Baja,Si
804,Mediano,Agil,Bajo,Baja,No
805,Mediano,Cascada,Bajo,Baja,No
806,Grande,Cascada,Medio,Baja,No
807,Grande,Hibrida,Medio,Alta,No
808,Mediano,Cascada,Bajo,Baja,No
809,Pequeño,Cascada,Bajo,Alta,No
810,Mediano,Cascada,Alto,Media,No
811,Pequeño,Hibrida,Alto,Alta,Si
812,Mediano,Agil,Medio,Alta,Si
813,Mediano,Hibrida,Alto,Baja,Si
814,Grande,Hibrida,Alto,Media,No
815,Pequeño,Agil,Alto,Media,Si
816,Pequeño,Hibrida,Alto,Media,Si
817,Grande,Agil,Bajo,Media,No
818,Grande,Hibrida,Medio,Alta,No
819,Grande,Agil,Alto,Media,No
820,Grande,Cascada,Bajo,Alta,No
821,Pequeño,Hibrida,Bajo,Alta,No
822,Pequeño,Hibrida,Bajo,Alta,No
823,Mediano,Hibrida,Alto,Media,Si
824,Mediano,Hibrida,Alto,Baja,No
825,Grande,Cascada,Medio,Baja,No
826,Grande,Hibrida,Alto,Media,No
827,Grande,Cascada,Alto,Baja,No
828,Mediano,Cascada,Bajo,Baja,No
829,Mediano,Cascada,Medio,Alta,No
830,Mediano,Cascada,Alto,Alta,No
831,Mediano,Agil,Alto,Media,Si
832,Mediano,Agil,Bajo,Media,Si
833,Mediano,Hibrida,Bajo,Baja,No
834,Mediano,Agil,Alto,Alta,Si
835,Grande,Agil,Medio,Media,No
836,Grande,Hibrida,Medio,Media,No
837,Grande,Hibrida,Bajo,Media,Si
838,Grande,Hibrida,Bajo,Media,Si
839,Mediano,Agil,Alto,Media,No
840,Pequeño,Agil,Bajo,Media,No
841,Mediano,Hibrida,Alto,Baja,No
842,Pequeño,Cascada,Medio,Alta,Si
843,Grande,Hibrida,Medio,Alta,No
844,Mediano,Cascada,Alto,Media,Si
845,Grande,Cascada,Bajo,Alta,No
846,Mediano,Hibrida,Medio,Alta,No
847,Grande,Hibrida,Bajo,Alta,Si
848,Pequeño,Hibrida,Medio,Media,Si
849,Pequeño,Agil,Alto,Media,Si
850,Pequeño,Cascada,Alto,Alta,Si
851,Mediano,Agil,Alto,Alta,Si
852,Pequeño,Agil,Medio,Media,No
853,Mediano,Hibrida,Bajo,Baja,No
854,Pequeño,Agil,Bajo,Alta,Si
855,Pequeño,Hibrida,Bajo,Baja,Si
856,Mediano,Cascada,Medio,Alta,No
857,Mediano,Hibrida,Medio,Baja,Si
858,Pequeño,Agil,Medio,Baja,Si
859,Mediano,Agil,Medio,Baja,Si
860,Pequeño,Hibrida,Medio,Media,Si
861,Mediano,Hibrida,Bajo,Baja,No
862,Grande,Agil,Medio,Baja,No
863,Grande,Cascada,Medio,Baja,No
864,Grande,Cascada,Bajo,Alta,No
865,Grande,Hibrida,Medio,Baja,No
866,Grande,Cascada,Bajo,Alta,No
867,Pequeño,Agil,Bajo,Baja,Si
868,Grande,Hibrida,Alto,Baja,No
869,Grande,Agil,Alto,Media,Si
870,Grande,Agil,Alto,Alta,Si
871,Grande,Cascada,Alto,Baja,No
872,Mediano,Hibrida,Medio,Alta,No
873,Pequeño,Hibrida,Alto,Alta,Si
874,Grande,Cascada,Bajo,Media,No
875,Grande,Agil,Medio,Media,Si
876,Grande,Agil,Alto,Media,No
877,Pequeño,Agil,Bajo,Media,Si
878,Mediano,Agil,Medio,Media,No
879,Pequeño,Hibrida,Medio,Media,Si
880,Mediano,Hibrida,Alto,Media,Si
881,Grande,Cascada,Medio,Media,Si
882,Grande,Cascada,Bajo,Baja,No
883,Pequeño,Hibrida,Medio,Alta,Si
884,Pequeño,Hibrida,Bajo,Media,Si
885,Mediano,Agil,Medio,Media,No
886,Mediano,Agil,Alto,Alta,Si
887,Pequeño,Cascada,Bajo,Baja,No
888,Mediano,Hibrida,Medio,Alta,No
889,Pequeño,Cascada,Medio,Alta,No
890,Mediano,Hibrida,Medio,Media,No
891,Pequeño,Agil,Bajo,Alta,Si
892,Pequeño,Cascada,Bajo,Alta,No
893,Pequeño,Cascada,Bajo,Media,No
894,Mediano,Hibrida,Alto,Media,Si
895,Mediano,Agil,Alto,Media,Si
896,Mediano,Cascada,Bajo,Media,No
897,Pequeño,Agil,Medio,Alta,Si
898,Mediano,Cascada,Alto,Alta,Si
899,Mediano,Agil,Bajo,Baja,Si
900,Pequeño,Hibrida,Medio,Baja,No
901,Grande,Cascada,Alto,Alta,No
902,Pequeño,Cascada,Medio,Baja,Si
903,Mediano,Agil,Medio,Alta,Si
904,Pequeño,Agil,Medio,Baja,Si
905,Grande,Cascada,Medio,Media,No
906,Pequeño,Hibrida,Alto,Baja,Si
907,Mediano,Agil,Alto,Media,No
908,Grande,Agil,Alto,Media,Si
909,Mediano,Agil,Bajo,Media,No
910,Grande,Cascada,Alto,Media,No
911,Grande,Cascada,Medio,Baja,No
912,Pequeño,Cascada,Alto,Alta,Si
913,Pequeño,Cascada,Medio,Media,Si
914,Mediano,Hibrida,Bajo,Baja,Si
915,Pequeño,Hibrida,Medio,Media,No
916,Pequeño,Cascada,Medio,Baja,No
917,Grande,Hibrida,Medio,Baja,No
918,Pequeño,Agil,Bajo,Baja,No
919,Grande,Agil,Alto,Alta,Si
920,Grande,Agil,Alto,Baja,No
921,Grande,Cascada,Bajo,Baja,No
922,Mediano,Agil,Medio,Alta,Si
923,Mediano,Hibrida,Alto,Alta,Si
924,Mediano,Cascada,Bajo,Baja,No
925,Grande,Hibrida,Alto,Alta,Si
926,Mediano,Agil,Bajo,Media,No
927,Mediano,Agil,Medio,Media,No
928,Pequeño,Agil,Alto,Alta,Si
929,Mediano,Cascada,Bajo,Alta,No
930,Mediano,Hibrida,Alto,Baja,Si
931,Grande,Cascada,Alto,Alta,No
932,Grande,Cascada,Alto,Baja,No
933,Grande,Agil,Alto,Media,No
934,Grande,Cascada,Bajo,Alta,No
935,Grande,Cascada,Medio,Baja,No
936,Grande,Agil,Bajo,Baja,No
937,Mediano,Cascada,Bajo,Media,No
938,Grande,Agil,Bajo,Alta,Si
939,Grande,Agil,Medio,Media,No
940,Pequeño,Agil,Alto,Baja,Si
941,Mediano,Agil,Alto,Baja,No
942,Mediano,Cascada,Alto,Alta,No
943,Mediano,Agil,Medio,Baja,Si
944,Grande,Agil,Alto,Alta,Si
945,Grande,Cascada,Medio,Media,No
946,Grande,Cascada,Alto,Alta,Si
947,Pequeño,Hibrida,Alto,Alta,Si
948,Grande,Cascada,Bajo,Baja,No
949,Pequeño,Cascada,Medio,Baja,No
950,Mediano,Hibrida,Bajo,Alta,Si
951,Grande,Cascada,Bajo,Baja,No
952,Pequeño,Cascada,Bajo,Baja,No
953,Pequeño,Cascada,Medio,Baja,No
954,Grande,Cascada,Medio,Alta,Si
955,Mediano,Hibrida,Alto,Baja,Si
956,Mediano,Cascada,Bajo,Alta,No
957,Mediano,Cascada,Alto,Baja,Si
958,Pequeño,Hibrida,Bajo,Media,Si
959,Pequeño,Agil,Medio,Baja,No
960,Pequeño,Hibrida,Medio,Baja,No
961,Pequeño,Agil,Medio,Alta,Si
962,Mediano,Hibrida,Bajo,Alta,No
963,Grande,Hibrida,Medio,Baja,No
964,Pequeño,Cascada,Bajo,Media,No
965,Pequeño,Agil,Alto,Baja,Si
966,Mediano,Cascada,Bajo,Baja,No
967,Grande,Agil,Alto,Media,Si
968,Grande,Hibrida,Bajo,Alta,Si
969,Mediano,Hibrida,Alto,Baja,Si
970,Mediano,Agil,Medio,Alta,Si
971,Grande,Cascada,Alto,Alta,Si
972,Pequeño,Cascada,Medio,Media,No
973,Grande,Cascada,Medio,Media,Si
974,Mediano,Cascada,Alto,Alta,Si
975,Pequeño,Hibrida,Bajo,Baja,Si
976,Pequeño,Hibrida,Bajo,Alta,Si
977,Mediano,Hibrida,Bajo,Baja,No
978,Mediano,Hibrida,Bajo,Baja,No
979,Mediano,Hibrida,Bajo,Media,Si
980,Grande,Cascada,Medio,Baja,No
981,Grande,Cascada,Bajo,Baja,No
982,Pequeño,Cascada,Medio,Alta,Si
983,Mediano,Cascada,Medio,Media,Si
984,Pequeño,Hibrida,Medio,Baja,Si
985,Pequeño,Hibrida,Alto,Baja,Si
986,Pequeño,Hibrida,Alto,Media,Si
987,Pequeño,Agil,Medio,Alta,Si
988,Mediano,Cascada,Alto,Media,Si
989,Pequeño,Cascada,Bajo,Media,No
990,Mediano,Hibrida,Bajo,Baja,No
991,Mediano,Cascada,Medio,Baja,No
992,Grande,Cascada,Bajo,Alta,No
993,Mediano,Hibrida,Medio,Baja,No
994,Grande,Agil,Medio,Baja,No
995,Mediano,Agil,Bajo,Media,Si
996,Mediano,Agil,Alto,Baja,Si
997,Mediano,Hibrida,Bajo,Alta,No
998,Grande,Cascada,Bajo,Media,No
999,Grande,Hibrida,Medio,Alta,No
1000,Pequeño,Hibrida,Medio,Media,No
