Transaccion_ID,Leche,Pan,Huevos,Mantequilla,Queso,Cafe,Azucar,Galletas,Jugo,Cereal
1,1,1,0,0,0,0,0,0,0,0
2,0,0,0,0,0,0,0,1,0,0
3,1,1,1,1,0,0,0,1,0,0
4,1,1,1,1,0,0,0,0,0,0
5,0,1,0,0,0,0,0,0,0,0
6,1,1,0,0,0,0,0,1,0,0
7,1,1,0,1,0,0,0,0,0,1
8,1,1,0,0,0,1,0,0,0,0
9,1,1,0,1,0,1,0,0,1,0
10,1,1,0,0,0,0,0,0,0,1
11,1,1,0,0,0,0,0,1,0,0
12,1,1,0,1,0,0,0,0,0,0
13,1,1,1,0,0,0,0,0,0,0
14,0,0,1,0,0,1,0,0,0,0
15,0,1,0,1,0,0,1,0,0,0
16,1,1,0,0,0,0,0,0,0,1
17,1,1,1,0,0,0,0,0,0,1
18,1,1,0,1,0,1,0,1,0,0
19,1,1,0,1,0,0,0,0,1,1
20,1,1,0,0,1,0,0,0,0,0
21,0,0,0,1,1,0,0,0,0,0
22,0,0,0,1,1,0,0,1,0,0
23,1,1,0,1,1,0,1,0,0,1
24,1,1,0,0,0,0,0,0,0,0
25,1,1,0,1,1,0,1,1,0,0
26,1,1,0,0,0,0,0,0,0,0
27,1,1,0,0,0,0,0,0,1,0
28,0,1,0,0,0,0,1,0,0,0
29,1,1,0,1,0,0,0,1,0,1
30,1,1,0,1,0,0,0,0,0,0
31,1,1,1,1,0,0,0,0,0,1
32,1,1,0,0,0,0,1,1,0,1
33,0,1,0,0,0,0,0,0,0,0
34,1,1,0,0,0,0,0,1,0,0
35,0,0,1,0,0,0,0,1,1,0
36,0,1,0,0,0,0,0,0,0,0
37,1,1,0,0,1,0,1,0,0,1
38,1,1,0,0,0,0,0,0,0,0
39,1,1,0,0,0,0,1,0,0,1
40,1,1,0,0,1,0,0,0,0,0
41,0,1,0,0,0,0,0,1,0,0
42,1,1,1,1,0,0,0,1,0,0
43,1,1,0,0,0,0,0,0,1,0
44,1,1,1,0,0,0,0,0,0,0
45,1,1,0,0,0,0,0,0,0,0
46,1,1,0,0,1,0,0,0,0,1
47,1,1,1,0,0,0,0,0,0,0
48,0,1,1,0,0,0,0,0,1,0
49,1,1,0,0,0,0,0,0,1,0
50,1,1,1,0,0,1,0,0,0,0
51,1,1,1,0,0,0,1,0,0,0
52,1,1,0,0,0,1,0,0,1,0
53,0,1,0,0,0,0,0,1,0,0
54,1,1,0,0,0,1,0,0,1,0
55,1,1,0,0,0,0,0,0,0,0
56,1,1,0,0,0,0,0,0,0,0
57,1,1,0,0,0,1,0,0,1,0
58,1,1,1,0,0,1,0,0,0,1
59,0,0,0,0,1,0,0,0,0,0
60,1,1,1,0,0,0,0,0,0,1
61,1,1,0,0,1,0,0,1,0,0
62,1,1,0,1,0,0,0,0,1,0
63,0,1,1,1,0,0,0,0,0,0
64,1,1,0,0,0,1,0,0,0,1
65,0,1,0,0,0,0,1,0,0,0
66,1,1,0,0,0,0,0,0,0,0
67,1,1,1,0,0,0,0,0,1,0
68,1,1,0,0,0,0,0,1,1,0
69,1,1,0,0,0,1,1,0,0,0
70,1,1,0,1,0,0,0,0,0,1
71,1,1,1,0,0,0,0,0,0,0
72,0,0,1,0,1,0,0,1,0,0
73,1,1,0,0,1,0,0,1,0,1
74,1,1,1,0,1,0,0,0,0,1
75,1,1,1,0,0,1,0,1,0,0
76,1,1,0,0,0,0,0,1,0,0
77,1,1,0,0,0,0,0,1,1,0
78,1,1,1,0,0,0,0,1,0,0
79,1,1,0,0,0,0,0,0,0,1
80,1,1,0,1,1,0,0,0,0,0
81,0,0,0,0,0,0,1,0,0,0
82,1,1,0,0,0,0,0,0,0,0
83,1,1,0,0,0,0,1,0,0,1
84,1,1,0,0,1,0,0,0,0,0
85,1,1,0,0,0,1,0,0,0,0
86,0,1,0,0,1,0,0,0,1,1
87,1,1,0,0,0,0,0,0,0,1
88,0,0,1,1,0,0,0,0,0,0
89,1,1,0,0,1,0,1,0,0,1
90,1,1,1,0,0,0,0,1,1,0
91,1,1,0,1,0,0,0,0,0,0
92,0,0,0,1,1,0,0,0,0,0
93,1,1,1,0,0,0,1,0,0,0
94,1,1,0,0,0,0,0,1,0,0
95,1,1,0,0,0,0,0,1,0,0
96,0,1,1,0,0,0,0,0,0,0
97,1,1,0,0,0,0,0,0,0,0
98,1,1,1,0,1,0,0,0,0,0
99,0,1,0,0,0,0,1,0,0,0
100,0,0,0,0,0,0,0,1,0,0
101,1,1,0,0,0,0,0,0,0,0
102,1,1,1,1,1,0,0,0,0,1
103,0,0,0,0,1,0,0,0,0,0
104,1,1,0,0,0,0,0,0,1,1
105,1,1,0,1,0,0,1,0,0,0
106,0,0,0,0,0,1,0,0,0,0
107,0,0,0,0,0,1,0,0,0,0
108,1,1,0,0,0,0,0,0,1,0
109,1,1,0,0,1,0,0,0,1,1
110,1,1,0,0,0,0,0,0,0,0
111,1,1,1,0,0,0,0,0,0,1
112,1,1,1,0,0,0,1,1,0,1
113,1,0,0,0,0,1,0,1,0,0
114,1,1,0,0,0,0,0,0,0,0
115,1,1,0,0,0,0,1,0,0,1
116,1,1,0,0,0,1,0,0,0,0
117,1,1,0,0,0,0,1,0,0,0
118,1,1,0,0,0,1,0,1,0,0
119,1,1,0,1,0,0,0,1,0,0
120,1,1,0,0,0,0,0,0,0,0
121,1,1,0,0,0,1,0,0,0,0
122,0,0,0,0,0,1,0,1,0,0
123,1,1,0,0,0,1,0,0,0,0
124,1,1,0,1,0,0,1,0,1,1
125,1,1,1,0,0,0,0,0,0,0
126,1,1,1,0,0,0,0,1,1,0
127,1,1,0,1,0,1,0,0,0,1
128,1,1,1,0,1,0,1,0,0,0
129,0,1,0,0,0,0,0,1,0,0
130,1,1,1,0,0,0,0,0,1,0
131,0,0,0,1,0,0,1,0,0,1
132,1,1,0,0,0,0,0,1,0,0
133,1,1,0,1,0,1,0,0,0,0
134,1,1,0,0,0,0,0,0,0,0
135,0,1,0,0,0,1,0,0,0,0
136,1,1,0,0,0,1,0,1,0,0
137,1,1,0,1,1,0,1,1,1,0
138,1,1,0,0,0,0,0,0,1,1
139,0,1,1,0,0,0,1,1,0,0
140,1,1,0,0,0,0,1,0,0,0
141,1,1,0,1,0,0,0,0,0,0
142,1,1,0,0,0,1,0,0,0,0
143,1,1,0,0,0,0,0,1,1,0
144,1,1,0,0,0,0,0,0,0,0
145,1,1,0,0,0,0,0,1,0,0
146,1,1,0,1,1,1,0,0,0,0
147,1,1,0,0,0,0,0,0,0,0
148,1,1,0,0,0,1,0,1,0,0
149,1,1,0,1,0,0,0,0,0,0
150,1,1,1,0,0,0,1,0,1,0
151,1,1,0,0,0,0,1,0,0,0
152,1,1,0,0,0,0,0,0,0,0
153,1,1,1,0,0,0,1,0,0,0
154,1,1,1,0,0,0,0,0,0,0
155,1,1,0,0,1,1,0,0,0,0
156,1,1,0,0,1,0,0,1,0,0
157,0,1,0,0,0,0,0,0,0,1
158,1,1,0,0,0,0,0,1,0,0
159,1,1,1,1,0,0,0,0,0,0
160,0,1,0,0,0,1,0,0,0,1
161,0,0,1,0,0,0,0,0,1,0
162,0,0,1,0,0,0,1,1,0,0
163,1,1,0,0,0,0,0,0,0,1
164,1,1,0,1,1,0,1,0,0,0
165,1,1,0,1,0,0,0,0,1,0
166,1,1,0,0,0,0,0,1,0,0
167,0,0,0,0,0,1,1,0,0,0
168,1,1,0,0,1,0,0,1,0,0
169,1,1,1,0,0,1,0,0,0,0
170,1,1,0,0,0,1,0,0,0,1
171,0,1,0,0,0,1,0,0,0,0
172,1,1,0,0,0,0,0,0,0,1
173,1,1,1,0,0,0,0,1,0,0
174,1,1,0,0,0,0,0,0,0,0
175,1,1,0,0,0,0,0,1,0,0
176,1,1,0,0,0,0,0,1,0,1
177,1,1,0,0,1,0,0,1,0,0
178,1,1,0,0,0,0,0,0,1,0
179,1,1,0,1,1,0,0,0,0,1
180,1,1,0,1,0,0,0,0,0,0
181,1,1,0,0,0,0,0,0,1,0
182,1,1,0,1,0,1,0,0,0,0
183,1,1,0,0,0,0,0,0,1,0
184,1,1,0,0,1,1,0,0,0,0
185,1,1,0,0,0,0,0,1,0,0
186,1,1,0,0,0,0,0,0,0,0
187,1,1,0,1,0,0,0,0,0,0
188,0,1,1,0,1,0,0,0,0,0
189,1,1,0,0,0,1,0,0,0,0
190,0,0,0,0,1,0,0,1,0,1
191,1,1,0,0,0,0,0,0,1,0
192,0,0,0,0,0,0,1,1,0,0
193,1,1,1,0,0,0,0,1,0,0
194,1,1,1,1,0,0,0,0,0,0
195,1,1,0,0,0,0,0,0,0,0
196,1,1,0,0,0,0,0,1,0,0
197,1,1,0,0,0,0,0,0,1,0
198,1,1,0,0,1,1,0,0,0,0
199,1,1,1,0,0,0,0,1,1,0
200,1,1,1,1,0,0,0,0,0,0
201,0,1,0,1,0,1,0,0,0,0
202,0,0,0,0,1,0,0,0,0,0
203,1,1,0,0,0,0,0,0,1,0
204,1,1,1,0,1,0,0,1,0,0
205,1,1,0,1,0,0,1,1,0,0
206,0,0,0,0,0,0,1,0,0,0
207,0,1,0,0,1,0,1,0,1,1
208,1,1,0,0,0,0,1,1,0,0
209,1,1,0,0,0,0,0,0,0,0
210,1,1,0,0,0,0,0,0,0,0
211,1,1,0,0,0,0,0,0,1,0
212,1,1,1,0,0,1,1,0,0,0
213,1,1,1,0,0,0,0,0,0,0
214,1,1,0,0,1,0,1,0,0,0
215,0,0,1,1,0,1,1,0,0,0
216,1,1,0,1,0,0,0,0,0,0
217,0,1,0,0,0,0,0,0,1,0
218,0,1,0,0,0,0,0,0,1,1
219,1,1,0,0,0,0,0,0,1,0
220,1,1,0,0,0,0,0,0,0,0
221,1,1,0,0,1,0,0,0,0,0
222,1,1,0,0,0,1,0,1,0,0
223,1,1,0,0,1,0,0,0,0,0
224,1,1,0,0,0,0,0,0,0,0
225,1,0,0,0,0,0,0,0,0,0
226,1,1,1,0,0,0,0,1,0,0
227,1,1,0,0,0,1,0,0,0,0
228,1,1,1,0,0,0,0,0,0,1
229,1,1,0,0,0,0,1,0,0,0
230,1,1,1,0,0,0,0,0,0,1
231,0,1,0,1,0,0,1,0,1,0
232,1,1,0,1,0,0,0,1,0,0
233,1,0,0,1,1,0,0,0,0,0
234,1,0,0,0,0,0,0,0,0,0
235,1,1,0,0,0,1,0,0,0,0
236,1,1,0,1,0,0,0,0,0,0
237,1,1,0,1,0,0,0,0,1,0
238,1,1,1,0,0,1,0,1,0,0
239,1,1,1,0,1,0,0,0,1,0
240,1,1,0,0,0,0,0,0,0,0
241,0,1,0,1,0,0,0,0,0,1
242,0,0,1,0,0,0,0,0,0,0
243,0,1,1,0,0,1,0,0,0,0
244,0,0,0,0,0,0,1,0,0,0
245,1,1,0,0,0,0,0,0,0,0
246,1,1,0,1,0,0,0,0,0,0
247,1,1,1,0,0,0,1,1,0,0
248,1,1,0,1,0,0,1,1,0,0
249,1,1,0,0,0,1,0,0,0,0
250,1,1,0,0,0,0,0,1,1,0
251,1,1,0,1,0,1,0,0,0,0
252,0,1,0,1,0,0,0,0,1,0
253,0,0,0,0,0,0,0,1,0,0
254,1,1,0,0,0,1,0,0,0,0
255,1,1,0,0,1,0,0,1,1,0
256,1,1,0,0,1,0,0,0,0,0
257,1,1,0,0,0,0,0,0,1,1
258,1,1,1,0,0,1,0,0,0,0
259,1,0,0,1,0,0,0,0,0,1
260,1,1,1,0,0,1,0,0,0,0
261,1,1,0,0,1,0,0,0,0,0
262,1,1,0,0,0,1,0,0,1,0
263,1,1,0,0,0,0,0,0,1,0
264,1,1,0,0,0,0,1,0,0,0
265,1,1,1,1,0,0,0,0,0,0
266,1,1,0,0,1,0,1,0,0,1
267,1,1,0,0,0,0,1,0,0,0
268,1,0,0,0,0,0,0,0,0,0
269,1,1,0,0,0,1,0,1,0,0
270,0,0,1,1,1,0,0,0,0,0
271,0,0,0,1,0,0,0,0,0,0
272,1,1,0,0,0,0,0,0,1,0
273,1,1,0,0,1,1,0,0,0,0
274,0,0,0,0,0,0,0,1,0,0
275,1,1,0,0,1,1,0,1,0,0
276,1,1,1,0,0,0,0,0,1,0
277,0,0,0,0,0,0,1,0,0,0
278,1,1,0,0,1,0,0,0,0,0
279,1,1,0,0,0,1,0,0,1,0
280,1,1,0,0,1,0,0,0,0,0
281,1,1,1,0,0,0,0,0,0,0
282,1,1,0,0,0,0,0,0,0,1
283,1,0,0,0,0,0,0,0,0,0
284,1,1,0,0,1,0,0,0,1,0
285,1,1,1,0,0,0,0,0,0,0
286,1,1,0,1,0,0,0,1,0,0
287,1,1,0,1,0,1,0,0,0,0
288,1,1,0,0,0,0,0,0,1,0
289,0,1,1,0,0,0,0,0,0,0
290,1,1,0,1,0,0,0,0,0,1
291,1,1,0,0,0,0,0,1,0,0
292,1,1,1,0,0,0,0,1,0,1
293,1,1,0,1,0,0,0,0,0,0
294,1,1,0,0,0,0,0,0,0,0
295,1,1,1,1,0,0,1,0,0,0
296,0,1,0,1,0,0,0,0,0,0
297,1,1,0,0,0,0,1,1,0,0
298,1,1,0,0,0,0,0,0,1,0
299,1,1,0,0,0,0,0,1,0,0
300,1,1,1,1,0,1,0,0,0,0
301,1,1,0,0,1,0,0,0,0,0
302,1,1,1,1,0,0,1,0,0,0
303,1,1,0,1,0,0,0,0,1,0
304,1,1,0,0,0,0,0,0,0,0
305,1,1,0,0,1,0,0,0,0,0
306,1,1,0,0,0,0,0,0,0,0
307,1,1,0,0,0,0,1,0,0,0
308,1,1,1,0,0,1,0,0,1,0
309,0,0,0,0,0,1,1,1,1,0
310,1,1,0,0,0,1,0,0,0,0
311,1,1,0,0,0,0,0,0,0,0
312,1,1,0,0,0,0,0,1,0,0
313,1,1,0,1,0,0,0,0,0,0
314,0,0,0,1,0,1,0,0,1,1
315,1,1,1,0,0,0,1,1,1,1
316,0,0,0,0,0,1,0,0,0,0
317,1,1,1,0,0,0,0,0,0,0
318,1,0,0,0,0,0,1,0,0,0
319,1,1,0,0,1,0,1,0,1,0
320,1,1,0,0,0,0,0,0,1,0
321,1,1,1,0,0,0,0,0,1,0
322,1,1,0,0,0,0,0,0,0,0
323,1,1,1,0,0,0,1,0,0,0
324,1,1,0,1,0,0,0,0,1,0
325,1,1,1,0,0,0,0,0,0,0
326,1,1,0,0,1,0,0,0,0,0
327,1,1,1,0,0,0,1,0,0,0
328,1,1,1,0,0,0,0,0,0,1
329,1,1,0,0,0,1,1,0,0,0
330,1,1,0,0,0,0,0,0,1,0
331,0,0,0,1,0,0,0,0,0,0
332,1,1,0,1,1,0,0,0,0,0
333,1,1,0,0,0,0,0,0,0,1
334,1,1,0,0,0,0,0,0,0,0
335,1,1,1,1,0,0,0,1,0,1
336,1,1,0,0,0,1,0,0,0,0
337,1,1,0,0,0,0,0,0,0,1
338,0,1,1,0,0,0,0,0,0,0
339,1,1,1,0,1,1,0,0,0,0
340,0,0,0,0,1,0,0,0,1,0
341,1,1,0,0,0,0,0,0,0,0
342,1,1,0,0,0,0,0,0,0,0
343,1,1,0,0,0,0,0,0,0,0
344,0,0,1,0,0,0,0,0,1,0
345,1,1,0,0,0,0,1,0,0,1
346,0,0,0,0,0,0,1,1,0,0
347,1,1,0,0,0,0,0,0,0,1
348,1,0,0,0,0,0,0,0,1,1
349,1,1,0,1,0,0,0,0,0,0
350,1,1,0,1,0,0,0,0,1,0
351,1,1,0,0,0,0,1,0,1,0
352,1,1,0,0,0,1,0,1,0,0
353,1,1,0,0,1,1,1,0,0,0
354,1,1,0,0,0,0,0,0,1,0
355,1,1,0,0,1,0,0,1,0,0
356,1,1,1,1,0,0,0,0,1,0
357,1,1,0,1,0,0,0,1,0,0
358,1,1,0,1,0,0,0,0,0,0
359,1,0,0,0,0,0,0,0,0,1
360,1,1,0,0,0,0,0,0,0,0
361,1,1,0,0,0,1,1,0,1,0
362,1,1,0,0,0,0,0,0,0,1
363,1,1,0,1,0,0,1,0,0,0
364,1,1,0,0,1,0,0,0,1,0
365,1,1,0,0,1,0,0,0,0,0
366,1,1,0,1,0,0,0,0,1,0
367,0,0,0,1,0,0,1,0,0,0
368,1,1,0,0,0,0,1,0,0,0
369,1,1,0,0,0,0,1,1,0,0
370,1,1,0,0,0,0,0,1,1,0
371,1,1,0,0,1,1,0,0,1,0
372,1,1,1,0,0,1,0,0,0,0
373,0,0,1,0,0,0,0,0,0,1
374,1,0,1,0,0,0,0,0,1,0
375,1,1,0,0,0,0,0,0,0,0
376,1,1,0,0,0,0,0,1,0,0
377,1,0,0,0,0,0,1,0,0,0
378,1,1,0,0,1,0,0,1,1,1
379,0,1,0,1,0,0,0,0,0,0
380,0,1,0,0,0,0,0,0,1,1
381,1,1,0,0,0,0,0,0,0,0
382,1,1,0,0,1,1,0,0,0,1
383,1,1,0,0,0,0,0,0,0,1
384,1,1,1,0,0,0,0,0,0,0
385,1,0,0,0,0,0,0,1,0,0
386,0,0,1,0,0,1,0,0,1,0
387,1,0,0,1,0,0,1,1,0,0
388,0,0,0,0,0,0,0,0,0,1
389,1,1,1,0,0,0,0,0,0,0
390,0,0,0,0,0,0,1,0,0,0
391,1,1,1,0,0,0,0,0,0,0
392,0,1,0,0,0,0,1,0,0,0
393,0,1,1,0,0,1,0,0,0,0
394,1,1,1,0,1,0,0,0,1,0
395,1,1,0,0,0,0,0,0,0,1
396,1,1,0,0,0,0,1,0,1,1
397,1,1,0,1,0,1,0,0,0,0
398,0,1,0,0,0,0,0,0,0,0
399,1,1,0,0,0,0,0,0,0,1
400,1,1,0,0,0,0,0,0,0,0
401,1,1,0,0,0,0,0,1,0,1
402,0,0,0,0,0,0,1,0,0,0
403,1,1,0,0,0,0,1,0,0,0
404,1,1,1,0,1,0,0,0,0,0
405,1,1,1,1,0,0,0,1,0,1
406,1,1,1,0,0,1,0,1,0,0
407,0,1,1,0,0,0,0,1,1,0
408,1,1,0,1,0,1,0,0,1,0
409,1,1,0,0,0,0,0,0,0,0
410,1,1,0,1,0,0,0,0,0,0
411,1,0,0,1,0,0,0,1,0,0
412,1,1,1,0,0,0,0,0,1,0
413,1,1,0,0,1,1,0,0,0,0
414,0,0,1,1,0,0,1,0,0,0
415,1,1,0,0,0,0,0,0,0,0
416,1,1,0,0,1,0,0,0,0,1
417,1,1,0,1,0,0,0,0,0,0
418,1,1,0,0,0,0,0,0,0,0
419,0,1,0,0,0,0,0,0,1,0
420,1,1,1,0,0,0,0,0,0,0
421,1,1,1,1,0,0,0,0,0,0
422,1,1,0,0,0,0,0,0,0,0
423,1,1,0,0,0,0,1,1,0,0
424,1,1,1,0,0,0,0,0,0,1
425,1,1,1,0,1,0,0,0,1,0
426,1,1,0,0,1,0,0,0,0,1
427,1,1,1,0,0,0,0,1,0,0
428,0,0,0,0,0,0,0,0,0,1
429,1,1,1,0,0,0,0,0,1,0
430,1,1,0,0,0,0,1,1,0,0
431,1,1,0,1,0,0,0,1,1,0
432,1,1,0,0,1,0,0,0,0,0
433,1,1,1,0,0,0,0,0,1,0
434,1,1,1,1,0,0,0,0,0,0
435,1,1,0,0,0,0,0,0,0,1
436,0,0,0,1,0,0,0,0,0,0
437,1,1,0,0,1,1,0,0,0,0
438,1,1,1,1,0,1,0,0,0,1
439,1,1,1,1,0,0,0,0,0,1
440,1,1,0,0,0,0,0,0,0,0
441,1,1,0,0,0,0,1,0,0,0
442,1,0,0,1,0,1,0,0,0,0
443,1,1,0,0,0,0,0,0,1,0
444,1,1,0,0,1,0,0,1,0,0
445,1,1,0,0,0,1,0,0,0,0
446,1,1,0,0,1,0,0,0,0,1
447,1,1,0,0,0,0,0,1,0,1
448,1,1,0,0,1,0,0,0,0,0
449,1,1,0,0,1,0,0,0,0,1
450,1,1,1,0,0,1,0,0,0,0
451,1,1,1,0,0,0,0,0,0,1
452,1,1,0,0,1,0,1,0,0,0
453,1,1,0,0,0,0,0,1,0,1
454,1,1,0,0,1,0,0,0,1,0
455,0,0,0,0,0,0,1,0,0,0
456,0,1,0,0,0,0,0,0,0,0
457,1,1,0,0,0,0,0,0,1,1
458,1,1,0,0,0,0,0,1,0,1
459,0,0,1,0,0,1,0,0,0,0
460,0,0,0,1,0,1,1,0,0,0
461,0,1,0,0,1,1,1,1,0,0
462,0,1,1,0,0,0,1,1,1,1
463,1,1,0,0,0,0,0,0,1,0
464,1,1,0,1,1,0,0,0,0,0
465,1,1,1,0,1,1,0,0,0,0
466,1,1,0,0,1,1,0,0,0,0
467,0,0,0,1,0,0,0,0,0,0
468,1,1,0,0,0,0,0,1,0,0
469,1,1,0,0,0,0,0,0,1,0
470,1,1,1,0,0,0,0,0,1,0
471,1,1,0,1,1,0,0,0,0,0
472,0,1,0,0,0,0,0,0,0,1
473,1,0,0,0,0,0,0,1,0,0
474,1,1,0,0,0,0,0,0,0,0
475,0,0,1,0,0,0,0,0,1,0
476,0,0,0,0,1,0,0,1,0,1
477,0,0,0,0,0,0,0,1,1,0
478,1,1,0,0,0,0,0,0,0,0
479,1,1,1,0,1,0,0,0,0,0
480,1,1,0,1,1,1,0,0,0,0
481,1,1,0,1,0,0,0,0,1,1
482,1,1,0,0,0,0,0,0,0,0
483,1,1,0,0,1,0,0,0,0,1
484,1,1,0,0,0,0,0,0,0,0
485,0,0,0,0,0,0,0,1,0,0
486,1,1,0,0,1,0,0,0,0,0
487,1,1,0,0,0,0,0,0,0,1
488,1,1,0,0,0,0,0,0,1,0
489,1,1,0,0,1,0,1,0,0,0
490,0,1,0,0,0,0,0,1,0,0
491,1,1,0,0,0,0,0,1,0,0
492,0,0,0,1,0,0,0,0,0,0
493,0,1,0,0,1,0,0,0,0,0
494,1,1,1,1,0,0,0,0,1,0
495,1,1,0,1,0,0,0,0,0,0
496,1,1,0,1,0,0,0,0,0,0
497,1,0,1,0,0,1,0,0,0,0
498,1,1,0,0,0,0,0,1,1,0
499,0,1,0,0,0,0,0,0,0,0
500,1,1,0,1,0,0,1,0,0,0
501,1,1,0,0,1,0,0,0,0,0
502,1,1,0,0,0,0,0,0,0,0
503,0,1,1,0,0,0,1,0,0,0
504,1,1,1,1,1,0,0,0,1,0
505,0,0,0,0,0,0,1,1,0,0
506,1,0,1,1,1,0,0,0,0,0
507,1,1,0,0,0,1,0,0,0,0
508,1,1,0,0,0,0,0,0,1,0
509,0,0,0,1,0,0,0,0,0,1
510,1,0,0,0,0,1,1,0,0,0
511,0,0,0,0,0,0,0,1,0,1
512,1,1,0,0,0,1,0,1,0,1
513,1,1,1,0,1,0,0,1,0,0
514,1,1,0,1,0,1,0,0,0,0
515,1,1,0,0,1,0,0,0,0,0
516,1,1,1,0,1,0,0,0,0,0
517,1,1,1,0,1,0,0,1,0,0
518,1,1,0,0,1,1,0,0,1,0
519,1,1,1,0,0,0,0,0,1,1
520,1,1,0,0,0,0,0,1,0,0
521,0,1,0,0,1,0,0,0,1,1
522,1,1,0,0,0,0,0,0,0,0
523,1,1,0,0,1,1,0,0,0,1
524,1,1,0,0,1,0,0,0,1,1
525,0,1,0,1,0,1,0,1,0,0
526,1,1,1,0,0,0,0,0,0,0
527,1,1,1,1,0,0,0,0,0,0
528,1,1,0,0,0,1,0,0,0,0
529,1,1,0,0,0,0,0,0,0,0
530,1,1,0,0,0,0,0,0,0,0
531,1,1,0,0,0,0,0,0,1,0
532,1,1,0,0,0,0,0,1,0,0
533,1,1,0,0,0,0,0,0,0,0
534,1,1,0,0,0,0,0,0,0,1
535,1,1,0,1,1,0,0,0,0,0
536,1,1,1,0,0,0,0,0,0,0
537,1,1,0,1,0,1,0,0,0,0
538,1,1,0,0,0,0,1,0,0,1
539,1,1,0,1,0,0,0,1,0,1
540,1,1,0,0,0,0,0,0,0,0
541,0,1,0,0,1,0,1,0,0,0
542,1,1,0,1,0,0,0,0,0,0
543,1,1,0,1,0,0,0,0,0,0
544,1,1,0,1,0,1,1,0,0,0
545,1,1,0,0,0,0,0,0,0,0
546,1,1,1,0,0,0,1,0,0,0
547,0,1,1,0,0,0,0,0,0,1
548,1,1,1,0,0,1,0,0,1,0
549,1,1,1,1,1,0,1,1,0,0
550,1,1,0,0,1,0,0,0,0,0
551,1,1,1,0,1,0,0,0,0,0
552,1,1,0,0,0,0,0,0,0,0
553,1,1,0,1,0,0,0,0,0,0
554,0,1,0,0,0,1,1,0,0,0
555,1,1,1,0,0,0,1,0,0,0
556,0,0,0,0,0,0,1,0,0,0
557,0,1,0,0,0,1,0,0,0,0
558,1,1,1,0,0,1,0,0,1,0
559,1,1,0,0,0,1,1,0,0,0
560,1,1,1,0,0,0,0,1,0,0
561,0,0,0,0,0,0,0,0,0,1
562,0,0,0,0,0,0,1,0,0,0
563,0,0,0,0,0,0,0,1,0,0
564,0,1,1,0,0,0,0,0,0,0
565,0,0,0,0,1,0,0,1,0,0
566,0,0,1,0,0,1,0,0,0,0
567,0,0,0,0,1,0,0,1,0,0
568,1,1,0,0,0,0,0,0,0,0
569,1,1,0,0,0,0,1,0,0,1
570,1,1,0,0,0,0,0,0,1,0
571,1,1,0,0,0,0,0,1,1,0
572,1,1,0,0,0,1,0,0,0,0
573,1,1,0,1,0,0,0,0,1,1
574,0,1,0,0,1,1,1,0,1,0
575,0,1,0,0,1,0,1,0,0,0
576,1,1,0,0,0,0,0,0,0,0
577,1,1,0,0,0,0,0,1,0,0
578,0,1,0,0,0,1,0,1,1,0
579,1,1,0,0,0,1,0,0,0,0
580,1,1,0,0,1,0,0,1,1,0
581,1,1,0,1,0,0,0,0,0,0
582,1,1,0,0,0,1,0,0,0,0
583,1,1,0,0,0,0,0,0,0,0
584,1,1,1,0,0,0,0,0,0,0
585,1,1,0,0,0,0,0,0,1,0
586,1,1,0,0,0,0,0,1,0,0
587,1,1,0,0,0,1,0,0,0,0
588,1,1,0,0,0,0,0,0,0,0
589,1,1,0,0,0,0,1,1,0,0
590,1,1,0,0,0,1,0,0,0,0
591,1,1,0,0,0,0,0,0,1,0
592,1,1,1,0,0,0,0,1,0,0
593,0,1,0,1,0,1,1,0,0,0
594,1,1,1,0,0,0,0,0,0,0
595,1,1,0,0,0,0,0,1,0,0
596,1,1,0,0,0,0,0,0,0,1
597,1,1,0,1,0,0,0,0,0,0
598,1,1,0,0,0,0,0,0,0,0
599,1,1,0,1,0,0,0,0,0,0
600,1,1,0,0,0,0,1,0,0,0
601,0,0,1,0,0,0,0,1,0,0
602,1,1,0,1,0,0,0,1,0,0
603,1,1,0,0,0,0,1,0,1,0
604,1,1,0,0,1,0,0,1,1,1
605,1,1,0,0,0,1,0,0,0,0
606,1,1,1,1,1,0,1,0,0,0
607,1,1,0,0,0,1,0,0,0,0
608,1,0,0,0,0,0,1,0,0,0
609,1,1,0,0,1,0,0,0,1,0
610,1,1,0,0,0,1,0,0,0,0
611,1,1,1,0,0,0,0,0,0,1
612,1,1,0,0,0,0,0,0,0,0
613,0,1,0,1,0,1,0,0,0,0
614,1,1,0,1,0,0,0,0,0,0
615,0,0,0,0,1,1,0,0,0,1
616,1,1,0,0,0,0,1,0,0,1
617,1,1,1,1,1,0,0,1,1,0
618,1,1,0,0,0,0,0,1,0,0
619,1,1,0,0,0,0,0,1,1,0
620,1,0,0,0,0,1,1,0,0,0
621,1,1,0,0,0,1,0,0,0,0
622,1,1,0,0,1,0,1,0,1,0
623,1,1,0,0,0,1,0,0,0,1
624,1,1,0,0,1,0,0,0,0,0
625,1,0,0,0,0,0,0,0,0,0
626,1,1,0,0,1,0,0,1,0,0
627,1,1,0,0,0,1,0,1,1,1
628,1,0,0,0,1,1,0,1,1,1
629,1,1,0,0,0,0,0,0,0,0
630,1,1,0,1,0,0,0,0,0,1
631,1,1,0,0,0,0,0,0,0,1
632,1,1,0,0,0,0,0,0,0,0
633,1,0,0,0,1,0,0,0,1,0
634,1,1,0,0,0,0,0,1,0,0
635,1,1,1,0,0,0,0,0,1,1
636,1,1,0,0,0,0,0,0,0,0
637,1,1,0,0,0,1,0,0,1,0
638,1,1,1,0,0,0,1,0,0,0
639,1,1,0,1,0,0,0,1,1,1
640,1,0,0,0,0,0,0,0,0,1
641,1,1,0,0,1,0,0,0,0,0
642,1,1,0,0,0,0,0,0,0,0
643,0,1,1,1,1,0,0,0,0,0
644,1,1,0,1,0,0,0,0,0,1
645,1,1,1,1,0,0,0,1,0,0
646,1,0,0,0,0,0,0,0,0,0
647,0,0,0,0,0,0,0,0,1,0
648,0,1,0,0,0,0,0,0,0,0
649,1,0,0,0,0,0,1,0,0,0
650,1,1,0,0,0,0,0,1,0,1
651,1,1,0,0,0,0,1,0,0,0
652,1,1,0,0,1,0,0,0,0,1
653,1,1,0,1,0,0,0,0,0,0
654,1,1,0,1,0,0,0,0,0,0
655,0,1,0,0,0,0,0,1,0,0
656,1,1,0,0,1,0,0,1,1,0
657,1,1,0,1,0,0,0,0,0,0
658,1,1,0,0,0,0,0,0,1,0
659,1,1,0,0,0,0,0,0,0,1
660,1,1,1,0,0,0,1,0,1,1
661,1,1,1,0,0,0,0,1,0,0
662,0,0,0,1,0,0,0,0,1,0
663,1,1,1,0,0,1,0,0,1,0
664,0,0,0,0,0,0,0,0,0,1
665,1,1,0,0,1,0,0,0,1,1
666,1,1,0,0,1,0,1,0,0,0
667,1,1,0,0,0,0,0,1,0,0
668,1,1,1,0,1,0,0,1,0,0
669,1,1,0,0,0,0,0,0,0,0
670,1,1,0,0,0,0,0,0,0,0
671,1,1,0,0,0,1,0,0,0,1
672,1,0,0,0,1,0,0,0,0,0
673,1,1,0,0,0,0,0,0,0,0
674,1,1,1,0,0,0,0,0,0,1
675,0,1,0,1,0,0,0,0,0,1
676,1,1,1,0,1,1,0,0,0,0
677,1,0,0,0,0,0,0,0,0,1
678,1,1,1,1,0,0,0,0,0,1
679,1,1,0,0,0,0,1,1,1,0
680,1,1,0,0,0,0,0,1,0,0
681,1,1,1,0,0,0,0,0,0,1
682,0,0,1,1,1,0,0,1,0,1
683,1,1,0,0,0,0,0,0,0,1
684,0,1,1,1,0,1,0,0,0,0
685,1,1,1,1,0,0,0,1,0,1
686,1,1,0,0,0,1,1,0,0,0
687,0,0,0,0,1,0,0,0,1,0
688,1,1,0,0,0,1,0,0,0,0
689,1,1,1,0,1,0,0,0,0,1
690,1,1,0,0,1,0,0,1,0,1
691,0,1,0,1,0,0,0,0,0,0
692,1,0,1,0,0,0,0,0,0,0
693,1,1,1,0,0,0,0,1,0,0
694,1,1,1,0,1,0,1,0,0,0
695,1,1,0,0,0,1,0,1,0,0
696,1,1,0,0,1,0,0,0,0,1
697,1,1,0,0,0,0,0,0,1,0
698,1,1,0,0,0,0,0,0,0,0
699,0,1,0,1,0,0,0,0,0,0
700,0,0,1,0,0,0,0,0,0,0
701,0,0,0,0,0,1,0,0,0,0
702,0,1,0,0,0,0,0,0,1,0
703,0,0,0,0,0,1,1,0,0,0
704,1,1,1,1,0,0,0,0,0,1
705,1,1,1,0,0,0,0,0,0,0
706,1,1,1,0,0,0,0,1,0,1
707,1,1,0,0,0,0,0,0,0,1
708,1,1,0,0,0,0,0,0,1,0
709,1,1,0,0,0,0,0,0,1,0
710,1,0,0,0,0,0,0,1,0,0
711,1,1,0,0,0,0,0,1,0,0
712,1,1,0,0,0,0,0,0,0,0
713,1,1,0,0,0,1,0,0,0,0
714,1,1,0,1,0,0,0,1,0,0
715,1,1,0,0,0,0,0,1,0,0
716,1,1,1,0,0,0,0,0,0,0
717,1,1,0,0,0,0,1,1,0,0
718,1,1,1,0,1,0,0,0,0,1
719,1,1,0,0,0,0,0,0,1,0
720,0,1,0,1,0,0,0,0,0,0
721,1,1,1,0,1,0,0,0,0,0
722,1,1,0,0,0,0,1,0,1,0
723,1,1,0,0,1,1,0,0,0,0
724,1,1,0,0,0,0,0,0,1,0
725,0,1,1,0,0,0,1,0,1,1
726,0,1,0,0,0,0,0,1,0,0
727,0,1,0,0,0,0,0,0,1,0
728,0,1,0,0,1,1,0,1,0,0
729,1,1,0,0,0,0,1,1,0,0
730,0,0,0,0,0,1,0,0,0,0
731,1,1,1,0,0,1,0,0,0,0
732,1,1,1,0,0,0,1,0,0,0
733,1,1,0,1,0,1,0,0,0,0
734,0,1,0,0,1,1,0,1,0,0
735,1,1,0,0,0,0,0,0,1,0
736,1,1,0,0,1,1,0,0,0,0
737,1,1,0,0,0,1,0,0,0,0
738,1,1,0,0,0,0,1,1,0,0
739,0,1,0,0,0,0,1,1,0,1
740,1,1,0,0,0,1,0,0,0,0
741,1,1,1,0,0,0,0,0,1,0
742,1,1,0,0,0,0,0,1,0,0
743,0,1,0,0,0,0,0,0,0,0
744,1,1,0,1,0,0,1,0,0,0
745,1,0,0,1,0,0,0,0,0,0
746,1,1,0,0,0,1,1,0,0,0
747,1,1,1,1,0,0,0,0,0,0
748,0,0,0,0,0,0,1,0,0,0
749,0,1,1,0,0,0,0,0,0,0
750,1,1,0,0,0,0,0,0,0,0
751,1,1,0,0,0,0,0,1,0,0
752,1,1,0,0,0,1,0,0,0,0
753,1,1,1,0,0,0,1,0,1,0
754,1,1,0,0,0,0,0,1,0,0
755,1,1,1,0,0,1,1,0,0,0
756,1,1,0,0,1,0,0,0,0,0
757,1,1,1,1,0,0,0,0,0,0
758,1,1,1,1,0,0,0,0,0,0
759,1,1,0,1,0,0,1,0,0,0
760,1,1,0,0,1,0,0,0,0,0
761,1,0,0,0,0,0,0,0,0,0
762,1,1,0,0,0,0,0,1,0,1
763,1,1,1,0,0,0,0,0,0,0
764,0,1,0,0,1,1,0,0,1,0
765,1,1,0,0,0,0,0,0,0,0
766,1,1,0,1,0,0,0,0,1,0
767,0,1,0,0,1,0,0,1,0,0
768,1,1,1,1,1,0,1,0,0,0
769,0,1,1,0,0,0,0,1,0,0
770,0,0,0,0,0,1,0,0,1,0
771,1,1,0,0,1,0,0,0,1,0
772,0,0,0,0,0,1,1,0,0,0
773,0,1,0,0,0,0,0,0,0,1
774,1,1,0,0,0,0,0,0,0,0
775,1,1,1,0,0,0,1,1,0,0
776,0,0,1,0,0,0,0,0,0,0
777,0,0,0,0,1,0,0,0,0,0
778,1,1,1,0,0,0,1,0,0,0
779,1,1,0,0,1,0,1,0,0,0
780,0,1,0,0,0,0,0,0,1,0
781,1,1,0,1,0,0,1,0,0,0
782,1,1,1,0,0,0,0,0,0,0
783,0,0,0,0,0,0,1,0,0,0
784,1,1,0,1,0,1,0,0,0,0
785,1,1,0,0,1,1,0,0,0,0
786,1,0,0,0,0,1,1,0,0,0
787,1,1,1,0,0,0,0,0,0,1
788,1,1,1,0,0,0,0,0,1,0
789,1,1,0,0,0,0,1,0,0,0
790,1,1,1,0,0,0,0,0,0,0
791,1,1,0,1,0,0,1,0,0,0
792,0,1,0,0,0,0,0,0,0,0
793,1,1,0,0,1,0,0,0,1,0
794,1,1,0,0,0,0,0,0,1,0
795,0,1,0,0,0,0,0,0,0,1
796,0,1,0,1,0,1,1,0,0,0
797,1,1,1,0,1,0,0,0,0,0
798,1,1,0,0,0,0,1,0,0,0
799,1,1,1,1,0,0,1,0,0,0
800,1,1,1,0,0,1,0,0,0,0
801,1,1,1,1,0,0,0,0,0,0
802,1,1,1,0,0,0,1,0,0,0
803,1,1,1,0,0,0,0,1,0,0
804,1,0,0,0,0,0,1,0,0,0
805,0,1,0,0,1,0,1,0,0,0
806,0,0,0,0,0,0,0,0,1,0
807,1,1,0,0,0,0,0,0,0,0
808,1,1,0,0,0,0,1,0,0,0
809,1,1,0,0,0,0,0,1,0,0
810,1,1,0,0,0,0,0,0,0,0
811,1,1,0,0,0,0,0,0,0,0
812,1,1,1,0,0,1,0,0,0,0
813,0,1,1,0,1,0,1,0,0,0
814,1,1,0,0,1,0,0,1,0,0
815,1,0,0,0,0,0,0,1,0,0
816,0,0,0,0,1,0,0,1,0,1
817,1,1,0,0,0,0,0,0,0,0
818,1,1,0,1,0,0,1,0,0,1
819,0,0,0,0,0,0,0,0,0,1
820,1,0,1,0,0,0,1,0,1,0
821,1,1,1,1,0,0,0,0,0,0
822,0,0,1,0,0,0,1,0,0,0
823,1,1,1,1,0,0,0,0,0,0
824,1,1,0,0,1,1,0,1,0,1
825,1,1,0,0,0,1,0,0,0,1
826,1,1,0,0,0,0,1,0,0,0
827,1,1,0,1,0,1,0,0,0,0
828,1,1,0,0,0,1,1,0,0,1
829,1,1,0,0,0,0,0,0,0,1
830,1,1,0,0,0,0,0,0,0,0
831,1,1,0,0,0,0,0,0,1,0
832,0,0,0,1,0,0,0,1,0,0
833,1,1,0,0,0,0,0,0,0,1
834,1,1,0,0,0,1,0,1,1,0
835,1,1,0,0,1,0,1,0,0,0
836,1,1,0,1,0,0,0,0,1,0
837,1,1,0,0,1,1,0,0,0,1
838,1,1,0,0,0,0,0,0,0,1
839,0,1,0,0,0,0,0,0,0,0
840,0,1,1,1,0,1,0,0,0,0
841,0,0,0,1,0,0,0,0,0,1
842,1,1,0,1,0,0,0,0,1,0
843,1,0,1,1,0,0,0,0,0,0
844,1,1,1,0,0,0,0,0,0,0
845,1,1,0,0,0,0,0,0,0,0
846,1,1,0,0,0,0,0,0,1,0
847,1,0,0,0,0,0,1,0,0,0
848,0,1,1,0,0,0,0,0,0,0
849,0,1,0,1,0,0,0,0,1,1
850,1,1,0,0,0,0,0,1,1,0
851,1,1,0,0,0,0,0,0,0,1
852,1,1,1,0,0,0,0,0,1,0
853,1,1,0,0,0,0,0,0,0,0
854,1,1,0,1,1,0,0,0,0,0
855,1,1,0,0,0,1,1,0,0,1
856,1,0,1,0,0,0,0,0,0,0
857,0,0,0,0,0,1,0,0,0,0
858,0,1,0,1,0,0,0,0,1,0
859,1,1,1,0,0,1,0,1,1,0
860,1,1,0,0,0,0,0,1,1,0
861,0,0,0,0,0,0,1,1,0,0
862,1,1,0,1,0,0,1,0,0,0
863,0,0,1,0,0,0,0,1,0,0
864,1,1,0,0,1,0,0,0,0,0
865,1,1,0,0,0,0,0,1,0,0
866,1,1,0,0,0,0,0,0,0,0
867,1,1,0,0,1,0,0,1,1,0
868,1,1,0,0,0,1,0,0,0,0
869,1,1,0,1,1,1,0,0,0,0
870,1,0,0,0,0,1,0,0,0,0
871,1,1,0,0,0,0,0,0,0,0
872,0,0,0,0,0,0,0,1,1,0
873,1,1,0,0,0,1,0,0,0,0
874,1,1,0,1,0,0,0,0,0,0
875,1,0,0,0,0,0,0,0,0,1
876,0,0,1,0,0,0,0,1,0,0
877,1,1,0,1,0,0,0,0,0,0
878,1,1,0,1,0,0,1,1,0,0
879,0,1,0,0,1,1,0,1,0,0
880,1,1,0,0,1,0,1,0,0,0
881,0,1,0,1,0,0,0,1,0,1
882,1,1,0,0,0,0,0,0,1,0
883,1,1,1,0,0,0,0,0,0,1
884,1,1,0,0,0,0,0,0,1,0
885,1,1,0,0,0,0,1,0,1,0
886,1,1,0,0,0,1,0,0,0,0
887,1,1,0,0,1,0,1,0,0,1
888,1,1,1,0,0,1,1,0,0,0
889,0,1,1,0,1,1,0,0,0,0
890,1,1,0,0,0,0,0,0,0,0
891,0,1,0,0,0,0,1,0,0,0
892,1,1,0,1,0,0,0,0,0,0
893,1,1,0,1,0,0,0,0,0,1
894,1,1,1,0,0,0,0,0,0,0
895,1,1,0,1,1,1,1,1,0,0
896,1,1,0,1,0,0,1,0,1,0
897,1,1,0,0,0,0,0,0,1,1
898,0,0,0,0,0,1,0,0,0,0
899,1,0,0,1,0,0,0,0,0,0
900,1,1,0,0,0,0,0,0,0,1
901,1,1,0,1,0,0,0,0,0,0
902,1,1,1,1,0,0,1,1,0,0
903,1,1,0,1,1,0,0,0,0,0
904,1,1,1,0,0,0,0,0,1,0
905,1,1,0,0,0,0,0,0,1,0
906,1,0,1,0,0,0,0,0,1,0
907,1,1,1,0,0,0,0,1,1,0
908,1,1,0,1,0,0,1,0,1,0
909,1,1,0,0,0,1,0,0,1,0
910,1,1,0,0,0,0,0,0,0,0
911,1,1,0,0,0,0,0,0,0,0
912,1,1,0,1,0,0,0,0,1,0
913,1,1,0,1,0,0,0,0,0,0
914,1,1,1,0,0,0,0,0,0,0
915,1,1,0,0,0,0,0,0,0,0
916,1,1,0,0,0,0,0,0,0,0
917,1,1,1,0,1,0,0,0,0,0
918,1,1,0,1,0,0,1,0,1,0
919,1,1,1,1,1,0,0,0,0,0
920,1,1,0,0,0,0,0,0,1,0
921,1,1,1,0,0,0,0,0,0,0
922,1,1,0,0,0,0,0,0,0,0
923,1,1,1,0,1,0,0,0,0,1
924,1,1,0,0,0,0,0,0,0,1
925,1,1,1,0,0,0,0,0,1,0
926,1,1,0,1,0,0,0,0,0,0
927,1,1,0,0,0,0,0,1,0,0
928,1,1,0,1,0,0,1,1,0,0
929,1,0,0,0,0,0,0,0,1,0
930,0,1,0,0,0,1,0,0,0,0
931,1,1,1,0,0,0,0,0,0,1
932,1,1,0,0,1,0,0,0,0,0
933,1,1,1,0,0,0,0,1,0,0
934,1,1,1,0,0,0,0,0,0,0
935,1,1,0,1,1,1,1,1,0,0
936,1,1,1,0,0,0,0,0,0,0
937,1,1,0,0,0,0,0,0,1,1
938,0,0,0,0,0,0,0,1,1,0
939,1,1,1,1,0,1,0,0,0,0
940,1,1,0,0,0,0,1,1,0,0
941,1,1,0,0,1,0,0,0,0,0
942,1,1,0,1,0,0,0,0,1,0
943,1,1,0,1,0,0,0,0,0,0
944,1,1,0,0,0,1,0,0,0,0
945,0,1,0,0,0,1,1,0,1,0
946,1,1,1,0,0,0,0,0,1,1
947,1,1,0,0,0,0,0,0,1,0
948,1,1,0,0,0,0,0,0,1,1
949,1,1,0,0,0,1,1,0,0,0
950,1,1,0,1,0,0,0,0,0,1
951,1,1,0,1,0,0,0,0,0,1
952,1,1,0,0,0,0,0,0,0,1
953,1,1,0,0,0,1,0,1,0,0
954,1,0,0,0,0,0,0,0,0,0
955,1,1,0,0,0,0,0,1,0,0
956,0,0,0,0,1,0,0,0,1,0
957,1,1,0,1,0,0,0,1,1,0
958,0,1,1,0,0,0,0,0,0,0
959,1,1,1,1,0,0,0,0,0,1
960,1,1,0,0,0,0,1,0,0,0
961,1,1,0,0,0,0,1,0,1,0
962,1,1,0,0,0,0,0,0,0,0
963,0,1,0,0,0,0,0,1,0,0
964,1,1,0,0,0,0,0,1,1,0
965,1,1,0,0,1,0,0,0,1,1
966,1,1,0,1,0,0,1,1,0,1
967,1,1,0,0,0,0,1,0,0,0
968,1,1,0,0,0,1,0,0,0,1
969,1,1,0,0,1,0,0,0,1,0
970,1,1,0,0,0,0,0,0,0,0
971,1,1,0,0,0,0,1,0,0,0
972,1,1,1,0,0,1,0,0,0,1
973,1,0,0,0,0,0,0,1,0,0
974,1,1,1,0,1,0,0,1,0,0
975,1,1,0,1,0,0,0,0,0,1
976,1,1,0,1,0,0,0,1,0,0
977,0,1,0,0,0,0,0,0,0,0
978,1,1,0,1,0,0,1,0,0,0
979,1,1,0,0,1,0,0,0,0,1
980,1,1,0,0,0,0,0,0,0,0
981,0,0,0,0,0,0,1,0,1,0
982,1,0,0,0,0,1,0,0,0,1
983,0,0,0,0,1,0,0,0,0,0
984,1,1,0,0,0,0,0,0,1,0
985,1,1,1,0,1,0,0,0,0,0
986,1,1,0,0,0,0,0,0,1,0
987,1,1,0,0,0,0,0,0,0,0
988,1,0,0,0,1,0,0,0,0,0
989,1,1,0,0,0,0,1,0,0,0
990,1,1,1,1,1,0,1,0,0,1
991,1,1,0,0,0,0,0,0,0,1
992,1,1,0,0,0,0,0,0,0,0
993,0,0,0,0,0,0,0,0,1,0
994,1,1,0,1,0,0,0,0,0,0
995,1,1,0,1,0,0,0,1,0,0
996,1,1,0,0,1,0,0,0,1,0
997,0,1,0,1,0,1,0,0,1,1
998,1,1,0,1,0,0,0,0,1,0
999,1,1,1,0,0,0,1,0,0,0
1000,1,1,0,0,0,0,0,0,0,0
